alert_id,txn_id,account_id,alert_timestamp,risk_score,alert_type,alert_status
ALT000001,TXN00000060,ACC000011,2023-10-08T05:28:58.191Z,85.9,Suspicious Login,False Positive
ALT000002,TXN00000039,ACC000077,2023-05-16T04:52:51.715Z,14.8,High Value Transaction,Closed
ALT000003,TXN00000085,ACC000041,2023-10-12T06:01:44.137Z,109.9,Card Not Present,Confirmed Fraud
ALT000004,TXN00000028,ACC000010,2023-05-20T10:11:52.067Z,20.6,High Value Transaction,False Positive
ALT000005,TXN00000013,ACC000009,2026-02-03T03:33:47.079Z,88.9,Suspicious Login,Open
ALT000006,TXN00000060,ACC000011,2023-10-08T05:28:48.963Z,4.3,Velocity Alert,Investigating
ALT000007,,ACC000046,2024-04-17T00:00:39.079Z,33.5,Suspicious Login,Closed
ALT000008,,ACC000046,2024-05-02T00:00:49.180Z,111.5,Geographic Anomaly,Confirmed Fraud
ALT000009,TXN00000088,ACC000048,2023-10-26T23:10:22.183Z,11.5,Suspicious Login,Investigating
ALT000010,TXN00000023,ACC000068,2023-09-23T18:48:22.279Z,18.6,High Value Transaction,Investigating
ALT000011,TXN00000084,ACC000013,2023-05-20T08:21:13.793Z,88.1,Geographic Anomaly,False Positive
ALT000012,TXN00000026,ACC000036,2023-05-12T22:01:10.179Z,89.6,Geographic Anomaly,Confirmed Fraud
ALT000013,TXN00000017,ACC000095,2023-06-11T09:29:11.441Z,33.3,Suspicious Login,False Positive
ALT000014,TXN00000009,ACC000068,2023-06-11T03:23:38.820Z,55.9,Unusual Activity,Open
ALT000015,TXN00000056,ACC000056,2023-11-03T08:34:55.395Z,85.4,Card Not Present,Closed
ALT000016,,ACC000031,2024-02-15T00:00:52.733Z,93.4,Geographic Anomaly,Open
ALT000017,,ACC000096,2024-04-22T00:00:07.919Z,36.2,Unusual Activity,Closed
ALT000018,TXN00000049,ACC000015,2023-01-14T16:34:13.662Z,68.8,High Value Transaction,False Positive
ALT000019,TXN00000045,ACC000042,2023-01-09T23:03:37.952Z,78,High Value Transaction,Confirmed Fraud
ALT000020,TXN00000073,ACC000015,2023-05-09T19:53:17.893Z,35.7,Geographic Anomaly,Investigating
ALT000021,TXN00000028,ACC000010,2023-05-20T10:11:46.471Z,129.2,Suspicious Login,False Positive
ALT000022,TXN00000020,ACC000043,2023-02-11T18:24:20.674Z,39.5,Device Change,Confirmed Fraud
ALT000023,TXN00000029,ACC000098,2023-12-08T23:07:30.027Z,61.2,Device Change,Open
ALT000024,TXN00000013,ACC000009,2026-02-04T08:10:30.329Z,30.2,Card Not Present,Closed
ALT000025,TXN00000072,ACC000029,2023-01-29T21:53:15.775Z,50.9,Device Change,Closed
ALT000026,TXN00000082,ACC000079,2023-10-20T21:20:00.682Z,18.5,Velocity Alert,Open
ALT000027,TXN00000081,ACC000039,2023-06-05T10:08:21.849Z,128.8,Velocity Alert,Investigating
ALT000028,,ACC000075,2024-05-10T00:00:17.144Z,86.4,Device Change,Confirmed Fraud
ALT000029,,ACC000012,2024-06-15T00:00:52.393Z,42.5,High Value Transaction,Investigating
ALT000030,,ACC000017,2024-01-01T00:00:36.522Z,89,Device Change,False Positive
ALT000031,TXN00000018,ACC000073,2023-10-01T07:14:45.591Z,124.8,Unusual Activity,Closed
ALT000032,,ACC000011,2024-01-04T00:00:54.167Z,33.7,Suspicious Login,Confirmed Fraud
ALT000033,,ACC000037,2024-02-13T00:00:32.603Z,29.1,Unusual Activity,Open
ALT000034,TXN00000011,ACC000020,2026-02-07T03:33:33.327Z,126.5,Unusual Activity,False Positive
ALT000035,TXN00000031,ACC000030,2023-10-04T20:14:24.073Z,143.2,Velocity Alert,Investigating
ALT000036,TXN00000011,ACC000020,2026-02-07T03:33:48.900Z,141.5,High Value Transaction,Investigating
ALT000037,TXN00000036,ACC000055,2023-11-22T21:38:21.020Z,81.7,Suspicious Login,Closed
ALT000038,,ACC000042,2024-04-15T00:00:09.751Z,53.6,Unusual Activity,False Positive
ALT000039,TXN00000050,ACC000071,2026-02-18T03:33:28.837Z,17.2,Suspicious Login,Investigating
ALT000040,,ACC000065,2024-01-17T00:00:31.740Z,60.2,High Value Transaction,Closed
ALT000041,TXN00000043,ACC000035,2023-12-24T00:21:04.235Z,112.7,Unusual Activity,False Positive
ALT000042,TXN00000017,ACC000095,2023-06-12T23:44:19.743Z,130.3,Velocity Alert,Investigating
ALT000043,TXN00000036,ACC000055,2023-11-22T21:38:11.585Z,61.7,Velocity Alert,Open
ALT000044,TXN00000056,ACC000056,2023-11-06T13:30:09.628Z,13.2,Card Not Present,Investigating
ALT000045,,ACC000017,2024-05-18T00:00:26.630Z,57.2,Unusual Activity,Investigating
ALT000046,,ACC000062,2024-01-22T00:00:14.674Z,12.7,Unusual Activity,Confirmed Fraud
ALT000047,TXN00000001,ACC000085,2023-11-05T08:27:47.230Z,59,Card Not Present,Closed
ALT000048,TXN00000073,ACC000015,2023-05-08T23:17:45.590Z,16.7,Unusual Activity,False Positive
ALT000049,,ACC000002,2024-03-15T00:00:50.524Z,106.5,Suspicious Login,Closed
ALT000050,,ACC000012,2024-04-20T00:00:36.498Z,19.4,Suspicious Login,Closed
ALT000051,TXN00000029,ACC000098,2023-12-06T03:43:44.005Z,17.2,Geographic Anomaly,Confirmed Fraud
ALT000052,,ACC000003,2024-04-19T00:00:16.516Z,76.4,Geographic Anomaly,Confirmed Fraud
ALT000053,TXN00000032,ACC000039,2023-10-18T11:45:30.092Z,90.8,Velocity Alert,False Positive
ALT000054,TXN00000060,ACC000011,2023-10-11T01:47:18.641Z,60.3,Unusual Activity,Closed
ALT000055,,ACC000004,2024-02-07T00:00:38.364Z,63.3,Geographic Anomaly,Open
ALT000056,TXN00000071,ACC000079,2026-02-20T03:33:32.506Z,13.7,Suspicious Login,Confirmed Fraud
ALT000057,TXN00000068,ACC000024,2026-02-03T03:34:04.367Z,20.9,Suspicious Login,Investigating
ALT000058,TXN00000090,ACC000072,2023-03-19T07:18:30.320Z,50.8,High Value Transaction,False Positive
ALT000059,TXN00000042,ACC000081,2023-01-17T14:10:17.447Z,13.8,High Value Transaction,Open
ALT000060,,ACC000077,2024-01-23T00:00:38.535Z,135.5,Velocity Alert,False Positive
ALT000061,,ACC000006,2024-06-10T00:00:15.810Z,112.5,Velocity Alert,Investigating
ALT000062,TXN00000003,ACC000014,2023-03-06T23:03:29.439Z,69.9,High Value Transaction,Investigating
ALT000063,TXN00000071,ACC000079,2026-02-20T03:34:19.670Z,38.3,Geographic Anomaly,False Positive
ALT000064,TXN00000068,ACC000024,2026-02-03T03:33:42.984Z,118.1,Suspicious Login,Confirmed Fraud
ALT000065,,ACC000032,2024-04-09T00:00:04.517Z,75.9,Card Not Present,Open
ALT000066,TXN00000036,ACC000055,2023-11-22T21:38:48.956Z,30.3,Card Not Present,False Positive
ALT000067,TXN00000081,ACC000039,2023-06-05T10:09:01.952Z,34.2,Card Not Present,Open
ALT000068,TXN00000048,ACC000063,2023-03-01T05:35:45.671Z,25.7,Card Not Present,Confirmed Fraud
ALT000069,TXN00000027,ACC000012,2023-02-27T03:35:47.517Z,87.9,Geographic Anomaly,Open
ALT000070,TXN00000020,ACC000043,2023-02-14T13:04:54.065Z,88.5,Unusual Activity,Investigating
ALT000071,TXN00000024,ACC000072,2023-12-22T18:42:10.475Z,67.7,Device Change,Confirmed Fraud
ALT000072,TXN00000598,ACC000013,2023-07-10T08:55:34.385Z,83.8,Device Change,False Positive
ALT000073,TXN00000755,ACC000581,2023-10-04T03:41:59.272Z,3.4,Unusual Activity,Confirmed Fraud
ALT000074,TXN00000115,ACC000918,2023-05-06T06:49:02.894Z,78.7,Geographic Anomaly,Confirmed Fraud
ALT000075,,ACC000391,2024-04-24T00:00:17.251Z,120.8,Unusual Activity,Open
ALT000076,TXN00000105,ACC000965,2023-04-07T16:06:21.413Z,97.6,Unusual Activity,False Positive
ALT000077,TXN00000171,ACC000888,2023-01-05T08:20:01.349Z,3.3,Velocity Alert,False Positive
ALT000078,,ACC000036,2024-06-14T00:00:52.619Z,68.8,Unusual Activity,False Positive
ALT000079,TXN00000304,ACC000639,2023-03-10T11:00:39.852Z,88.1,Unusual Activity,Closed
ALT000080,TXN00000441,ACC000206,2023-12-04T22:42:03.115Z,8.8,Suspicious Login,Open
ALT000081,TXN00000628,ACC000481,2023-12-22T23:38:31.192Z,44.9,Geographic Anomaly,False Positive
ALT000082,TXN00000473,ACC000959,2023-09-26T19:36:45.826Z,69.3,High Value Transaction,Confirmed Fraud
ALT000083,TXN00000643,ACC000083,2023-01-28T18:52:54.913Z,114.8,Device Change,False Positive
ALT000084,TXN00000119,ACC000964,2023-12-02T19:31:03.425Z,37,Card Not Present,Investigating
ALT000085,TXN00000317,ACC000388,2023-03-28T17:41:30.500Z,23.6,Unusual Activity,Confirmed Fraud
ALT000086,TXN00000317,ACC000388,2023-03-28T17:41:31.932Z,66.7,Geographic Anomaly,Closed
ALT000087,TXN00000341,ACC000838,2026-02-05T03:36:46.109Z,91.7,Unusual Activity,False Positive
ALT000088,TXN00000287,ACC000952,2023-05-03T12:06:36.675Z,75.3,Geographic Anomaly,Investigating
ALT000089,TXN00000123,ACC000372,2023-07-11T14:42:13.182Z,26.8,Velocity Alert,Investigating
ALT000090,TXN00000415,ACC000004,2023-09-14T15:48:13.446Z,28.1,Device Change,Open
ALT000091,TXN00000427,ACC000685,2023-04-22T13:19:26.419Z,12.4,Unusual Activity,Open
ALT000092,TXN00000482,ACC000327,2023-05-27T18:36:49.981Z,87,Suspicious Login,Open
ALT000093,TXN00000760,ACC000858,2023-05-17T08:33:28.528Z,26.3,High Value Transaction,Investigating
ALT000094,TXN00000269,ACC000878,2023-06-24T20:00:37.850Z,0.5,Device Change,False Positive
ALT000095,TXN00000156,ACC000281,2026-02-14T03:36:38.387Z,137.1,Velocity Alert,Open
ALT000096,TXN00000837,ACC000538,2023-06-09T22:53:34.700Z,57.4,Unusual Activity,Investigating
ALT000097,TXN00000201,ACC000326,2023-03-14T11:08:20.393Z,59.6,Card Not Present,Confirmed Fraud
ALT000098,TXN00000112,ACC000071,2023-09-24T15:00:40.176Z,91.6,Suspicious Login,Investigating
ALT000099,TXN00000536,ACC000152,2023-03-14T09:54:45.002Z,45.2,Geographic Anomaly,Open
ALT000100,TXN00000247,ACC000261,2023-01-19T08:39:16.708Z,71.7,Unusual Activity,Confirmed Fraud
ALT000101,TXN00000546,ACC000922,2023-04-04T11:25:51.975Z,82.4,Device Change,False Positive
ALT000102,TXN00000023,ACC000068,2023-09-20T02:25:46.447Z,51.5,Geographic Anomaly,Investigating
ALT000103,TXN00000369,ACC000555,2023-07-25T15:50:50.100Z,23,Card Not Present,Confirmed Fraud
ALT000104,,ACC000425,2024-04-27T00:00:20.957Z,61.5,Device Change,Open
ALT000105,,ACC000146,2024-05-20T00:00:00.432Z,83,Velocity Alert,Open
ALT000106,,ACC000447,2024-02-12T00:00:02.112Z,92.9,Geographic Anomaly,False Positive
ALT000107,TXN00000119,ACC000964,2023-12-02T19:31:10.524Z,119.7,Suspicious Login,Open
ALT000108,TXN00000595,ACC000622,2023-11-06T10:53:47.881Z,34.7,Geographic Anomaly,Investigating
ALT000109,TXN00000903,ACC000292,2023-05-12T20:06:07.826Z,24.6,Velocity Alert,Confirmed Fraud
ALT000110,TXN00000864,ACC000096,2023-12-17T17:33:39.918Z,2.5,Velocity Alert,Open
ALT000111,TXN00000812,ACC000333,2026-02-18T03:36:48.302Z,44.7,Velocity Alert,Confirmed Fraud
ALT000112,TXN00000022,ACC000061,2023-06-18T16:21:19.410Z,50.4,Suspicious Login,Closed
ALT000113,,ACC000371,2024-04-18T00:00:49.133Z,64.8,Velocity Alert,Open
ALT000114,TXN00000814,ACC000065,2023-05-16T19:04:22.103Z,35.8,Device Change,Investigating
ALT000115,TXN00000154,ACC000092,2023-06-01T22:13:43.255Z,76.9,Unusual Activity,False Positive
ALT000116,TXN00000243,ACC000662,2023-07-01T23:05:03.003Z,120.6,Device Change,Investigating
ALT000117,TXN00000741,ACC000472,2023-04-01T22:55:28.833Z,48.3,Suspicious Login,False Positive
ALT000118,TXN00000751,ACC000846,2023-12-15T01:18:27.397Z,71.3,Unusual Activity,Investigating
ALT000119,TXN00000773,ACC000789,2023-08-05T09:34:57.830Z,3.5,Card Not Present,Confirmed Fraud
ALT000120,TXN00000881,ACC000534,2023-11-08T00:19:57.163Z,68.7,Unusual Activity,Confirmed Fraud
ALT000121,TXN00000037,ACC000048,2023-01-27T18:41:36.945Z,88.4,Suspicious Login,Investigating
ALT000122,TXN00000784,ACC000586,2023-11-19T05:14:06.629Z,62.5,Device Change,Closed
ALT000123,TXN00000276,ACC000194,2026-02-20T03:36:50.945Z,101.6,High Value Transaction,Closed
ALT000124,TXN00000856,ACC000009,2023-07-08T18:58:52.258Z,30.9,Velocity Alert,Confirmed Fraud
ALT000125,TXN00000047,ACC000015,2023-12-27T05:26:27.279Z,92.3,Geographic Anomaly,Investigating
ALT000126,TXN00000401,ACC000771,2023-11-19T10:35:32.494Z,17.7,Unusual Activity,Investigating
ALT000127,TXN00000853,ACC000748,2023-05-01T01:14:54.915Z,86,High Value Transaction,Confirmed Fraud
ALT000128,TXN00000715,ACC000947,2023-10-20T06:51:34.908Z,35.3,Velocity Alert,Confirmed Fraud
ALT000129,TXN00000343,ACC000678,2023-05-05T23:27:50.430Z,15.6,Suspicious Login,Open
ALT000130,TXN00000205,ACC000791,2023-12-04T15:01:59.296Z,82,Suspicious Login,Closed
ALT000131,TXN00000689,ACC000094,2023-08-05T06:25:21.770Z,67.3,Velocity Alert,Open
ALT000132,TXN00000629,ACC000037,2023-07-30T00:20:02.429Z,126.4,High Value Transaction,False Positive
ALT000133,TXN00000574,ACC000133,2026-02-22T07:05:00.638Z,34.9,Unusual Activity,Confirmed Fraud
ALT000134,TXN00000143,ACC000191,2023-03-22T07:10:43.517Z,47.4,Device Change,False Positive
ALT000135,,ACC000069,2024-01-24T00:00:59.015Z,3,Unusual Activity,False Positive
ALT000136,TXN00000056,ACC000056,2023-11-03T08:35:07.135Z,82.3,Velocity Alert,Investigating
ALT000137,,ACC000818,2024-03-20T00:00:50.509Z,35.7,Device Change,False Positive
ALT000138,TXN00000369,ACC000555,2023-07-25T15:50:50.480Z,23.7,Unusual Activity,Open
ALT000139,TXN00000767,ACC000913,2023-12-21T15:57:13.155Z,75.4,Velocity Alert,Open
ALT000140,TXN00000590,ACC000862,2023-05-23T22:50:52.063Z,92.3,Suspicious Login,Closed
ALT000141,TXN00000654,ACC000126,2023-02-26T07:12:02.540Z,41.9,Unusual Activity,False Positive
ALT000142,,ACC000396,2024-05-08T19:17:15.582Z,65.2,Velocity Alert,Open
ALT000143,TXN00000336,ACC000422,2023-04-22T18:33:25.960Z,96.6,Suspicious Login,Closed
ALT000144,TXN00000586,ACC000924,2023-11-03T00:56:57.078Z,129.4,Geographic Anomaly,Confirmed Fraud
ALT000145,TXN00000747,ACC000155,2023-03-04T19:11:51.965Z,83.4,Geographic Anomaly,Closed
ALT000146,TXN00000188,ACC000082,2023-01-20T14:06:33.892Z,33.5,Suspicious Login,Confirmed Fraud
ALT000147,TXN00000003,ACC000014,2023-03-06T23:04:11.517Z,17.8,Geographic Anomaly,Confirmed Fraud
ALT000148,TXN00000123,ACC000372,2023-07-11T14:41:47.529Z,92.5,Device Change,Investigating
ALT000149,TXN00000166,ACC000288,2023-08-23T11:19:31.070Z,131.4,Unusual Activity,Investigating
ALT000150,,ACC000446,2024-01-08T14:17:19.806Z,56.1,Card Not Present,Open
ALT000151,TXN00000375,ACC000061,2023-11-28T10:56:20.736Z,83.7,Card Not Present,False Positive
ALT000152,,ACC000737,2024-03-23T00:00:48.474Z,36.7,Unusual Activity,False Positive
ALT000153,TXN00000817,ACC000261,2023-09-23T22:51:43.387Z,92.7,Velocity Alert,Open
ALT000154,TXN00000433,ACC000448,2023-09-11T16:00:09.659Z,56.8,Device Change,Investigating
ALT000155,TXN00000035,ACC000088,2023-05-01T15:56:44.922Z,63.4,Velocity Alert,Investigating
ALT000156,TXN00000333,ACC000247,2023-06-24T09:22:11.513Z,74.1,Suspicious Login,Investigating
ALT000157,TXN00000534,ACC000164,2023-08-19T13:36:06.338Z,67,Card Not Present,Closed
ALT000158,,ACC000099,2024-03-24T00:00:54.970Z,75.8,Suspicious Login,Investigating
ALT000159,TXN00000789,ACC000628,2023-08-21T19:11:12.793Z,137.6,Geographic Anomaly,Open
ALT000160,TXN00000032,ACC000039,2023-10-14T20:55:20.414Z,92,Device Change,Closed
ALT000161,TXN00000439,ACC000628,2026-02-04T03:36:29.126Z,139.8,High Value Transaction,Closed
ALT000162,TXN00000026,ACC000036,2023-05-12T22:00:34.017Z,88.5,Geographic Anomaly,False Positive
ALT000163,TXN00000897,ACC000257,2023-07-27T10:02:07.114Z,12.3,High Value Transaction,False Positive
ALT000164,TXN00000516,ACC000948,2023-08-23T13:32:13.172Z,62,High Value Transaction,Confirmed Fraud
ALT000165,,ACC000125,2024-02-01T00:00:57.544Z,81.3,High Value Transaction,Open
ALT000166,TXN00000264,ACC000063,2023-03-06T09:26:20.822Z,48.5,Device Change,Investigating
ALT000167,,ACC000713,2024-03-05T00:00:59.477Z,43.6,High Value Transaction,Closed
ALT000168,,ACC000014,2024-04-12T00:00:48.212Z,85.3,Velocity Alert,Closed
ALT000169,TXN00000006,ACC000081,2023-07-13T08:14:16.853Z,128.5,Velocity Alert,False Positive
ALT000170,TXN00000208,ACC000961,2023-03-19T16:59:34.168Z,52.8,Card Not Present,Closed
ALT000171,TXN00000171,ACC000888,2023-01-05T08:19:25.343Z,19.8,Card Not Present,Closed
ALT000172,,ACC000331,2024-01-15T00:00:01.079Z,34.5,Unusual Activity,False Positive
ALT000173,TXN00000047,ACC000015,2023-12-26T00:30:24.803Z,66.5,Card Not Present,False Positive
ALT000174,,ACC000053,2024-05-20T00:00:27.528Z,78.4,Geographic Anomaly,Closed
ALT000175,TXN00000727,ACC000185,2023-05-22T13:48:30.131Z,35.3,Velocity Alert,False Positive
ALT000176,TXN00000187,ACC000251,2023-05-27T08:05:57.150Z,142.3,Velocity Alert,Investigating
ALT000177,TXN00000590,ACC000862,2023-05-23T22:50:46.729Z,8.2,Velocity Alert,Closed
ALT000178,TXN00000119,ACC000964,2023-12-02T19:30:44.128Z,69.2,Unusual Activity,Confirmed Fraud
ALT000179,TXN00000872,ACC000309,2023-03-20T08:40:58.101Z,142.9,High Value Transaction,Open
ALT000180,TXN00000661,ACC000785,2023-02-18T18:10:27.513Z,17.2,Velocity Alert,Closed
ALT000181,TXN00000579,ACC000546,2023-04-22T02:25:34.815Z,56.2,Card Not Present,Investigating
ALT000182,TXN00000833,ACC000270,2023-06-20T00:21:22.066Z,67,Card Not Present,False Positive
ALT000183,TXN00000003,ACC000014,2023-03-06T23:04:09.700Z,76.3,Velocity Alert,False Positive
ALT000184,TXN00000694,ACC000064,2023-08-06T07:16:57.654Z,67.3,Velocity Alert,Closed
ALT000185,TXN00000804,ACC000175,2023-11-19T09:41:52.985Z,26.7,Velocity Alert,False Positive
ALT000186,TXN00000601,ACC000742,2023-06-17T15:35:22.638Z,99.3,Unusual Activity,Open
ALT000187,TXN00000021,ACC000076,2023-03-13T21:41:18.092Z,29.1,High Value Transaction,Confirmed Fraud
ALT000188,TXN00000548,ACC000649,2023-09-09T10:33:45.294Z,77.5,Unusual Activity,Open
ALT000189,TXN00000334,ACC000548,2023-04-04T12:47:32.563Z,14.3,Suspicious Login,Investigating
ALT000190,TXN00000510,ACC000896,2023-12-13T12:13:48.124Z,75.4,Card Not Present,Open
ALT000191,TXN00000276,ACC000194,2026-02-20T03:36:39.369Z,38.5,Suspicious Login,Closed
ALT000192,TXN00000396,ACC000122,2023-06-27T17:42:38.810Z,6.7,Device Change,Confirmed Fraud
ALT000193,TXN00000328,ACC000583,2023-06-04T20:15:38.997Z,70.1,Suspicious Login,Confirmed Fraud
ALT000194,,ACC000296,2024-05-01T00:00:58.956Z,33.6,High Value Transaction,Open
ALT000195,TXN00000792,ACC000865,2023-03-06T05:55:48.855Z,82.5,Device Change,Open
ALT000196,TXN00000014,ACC000065,2023-12-26T20:11:31.694Z,71.2,Card Not Present,Investigating
ALT000197,TXN00000727,ACC000185,2023-05-22T13:47:49.356Z,122.2,Card Not Present,Closed
ALT000198,,ACC000241,2024-06-14T00:00:43.334Z,4.2,Card Not Present,Confirmed Fraud
ALT000199,TXN00000562,ACC000571,2023-02-13T07:59:32.551Z,142.5,Card Not Present,Closed
ALT000200,,ACC000778,2024-06-18T00:00:05.213Z,62.3,High Value Transaction,Open
ALT000201,TXN00000103,ACC000236,2026-02-17T03:36:33.408Z,71.9,Geographic Anomaly,Investigating
ALT000202,TXN00000530,ACC000845,2023-03-21T23:23:58.633Z,129.6,Unusual Activity,Investigating
ALT000203,TXN00000824,ACC000588,2023-12-11T22:03:27.079Z,17.4,Device Change,Confirmed Fraud
ALT000204,TXN00000899,ACC000049,2023-04-04T05:11:04.842Z,32.7,Suspicious Login,Open
ALT000205,TXN00000741,ACC000472,2023-04-05T16:59:51.909Z,33.2,Unusual Activity,Investigating
ALT000206,TXN00000059,ACC000033,2023-08-24T06:27:49.914Z,85.3,Geographic Anomaly,Open
ALT000207,TXN00000313,ACC000089,2023-06-24T10:26:47.124Z,10.2,Suspicious Login,Closed
ALT000208,TXN00000601,ACC000742,2023-06-16T13:18:01.577Z,68.6,Geographic Anomaly,Confirmed Fraud
ALT000209,TXN00000838,ACC000971,2023-09-16T19:12:05.998Z,5.4,Velocity Alert,Closed
ALT000210,,ACC000215,2024-05-19T21:33:08.634Z,33.8,Geographic Anomaly,False Positive
ALT000211,,ACC000147,2024-01-05T00:00:32.898Z,20.9,Velocity Alert,Open
ALT000212,TXN00000687,ACC000223,2023-10-10T06:53:42.788Z,18.6,Geographic Anomaly,Open
ALT000213,TXN00000703,ACC000861,2023-01-03T23:40:52.091Z,45.2,Unusual Activity,Confirmed Fraud
ALT000214,TXN00000821,ACC000883,2023-08-23T16:38:29.925Z,64.4,Device Change,Open
ALT000215,TXN00000666,ACC000263,2023-12-01T00:36:53.158Z,102.5,High Value Transaction,Open
ALT000216,TXN00000311,ACC000743,2023-08-07T20:19:52.158Z,16.5,Card Not Present,Closed
ALT000217,TXN00000646,ACC000192,2023-05-22T07:54:49.234Z,67.1,High Value Transaction,Confirmed Fraud
ALT000218,TXN00000863,ACC000296,2023-10-25T13:31:01.098Z,75.3,Geographic Anomaly,Closed
ALT000219,TXN00000154,ACC000092,2023-06-01T22:13:36.501Z,0.4,Velocity Alert,Confirmed Fraud
ALT000220,TXN00000129,ACC000912,2023-11-22T14:02:46.224Z,74.4,Device Change,Confirmed Fraud
ALT000221,TXN00000399,ACC000415,2023-11-20T14:10:45.852Z,98.3,Suspicious Login,Confirmed Fraud
ALT000222,,ACC000834,2024-06-28T00:00:11.785Z,85,Velocity Alert,Open
ALT000223,TXN00000379,ACC000706,2023-12-04T05:38:46.635Z,52.7,Geographic Anomaly,False Positive
ALT000224,TXN00000187,ACC000251,2023-05-27T08:05:30.042Z,0.7,Card Not Present,Investigating
ALT000225,TXN00000781,ACC000905,2023-02-03T05:35:06.603Z,114.4,Geographic Anomaly,Open
ALT000226,TXN00000702,ACC000994,2023-02-10T20:05:20.716Z,7.9,Geographic Anomaly,Confirmed Fraud
ALT000227,TXN00000076,ACC000055,2023-06-03T00:54:40.958Z,47.6,Suspicious Login,Investigating
ALT000228,TXN00000890,ACC000879,2023-02-05T00:57:26.645Z,93.7,Device Change,Confirmed Fraud
ALT000229,TXN00000716,ACC000188,2023-03-03T21:08:39.238Z,84.8,Suspicious Login,Confirmed Fraud
ALT000230,,ACC000401,2024-06-28T00:00:43.137Z,46.5,High Value Transaction,Confirmed Fraud
ALT000231,,ACC000359,2024-05-20T00:00:10.120Z,40.9,Card Not Present,Investigating
ALT000232,TXN00000067,ACC000092,2023-02-10T21:11:53.987Z,10.2,High Value Transaction,False Positive
ALT000233,TXN00000405,ACC000758,2023-02-14T00:11:00.115Z,42.3,Suspicious Login,Confirmed Fraud
ALT000234,TXN00000576,ACC000596,2023-04-13T01:39:21.899Z,126.9,High Value Transaction,Open
ALT000235,,ACC000007,2024-04-24T00:00:00.576Z,39,Suspicious Login,Closed
ALT000236,TXN00000350,ACC000883,2023-08-01T18:43:01.391Z,18.6,Geographic Anomaly,Confirmed Fraud
ALT000237,TXN00000422,ACC000517,2023-05-06T16:27:32.536Z,46.9,Geographic Anomaly,Confirmed Fraud
ALT000238,,ACC000177,2024-06-11T00:00:01.383Z,108.9,Geographic Anomaly,Open
ALT000239,TXN00000698,ACC000432,2023-10-11T11:03:26.343Z,75.7,Device Change,False Positive
ALT000240,TXN00000484,ACC000720,2023-08-16T21:20:41.583Z,50.1,Velocity Alert,False Positive
ALT000241,,ACC000442,2024-06-30T15:41:51.387Z,130.2,Velocity Alert,Confirmed Fraud
ALT000242,TXN00000538,ACC000640,2026-02-16T03:36:10.410Z,53.9,Card Not Present,Confirmed Fraud
ALT000243,TXN00000219,ACC000435,2023-08-11T11:28:36.920Z,27.2,Geographic Anomaly,Investigating
ALT000244,,ACC000921,2024-01-20T00:00:57.491Z,14.1,Device Change,Investigating
ALT000245,TXN00000342,ACC000482,2023-11-13T21:05:36.622Z,3.1,Card Not Present,False Positive
ALT000246,TXN00000442,ACC000530,2023-02-09T21:34:32.995Z,24.8,Unusual Activity,Confirmed Fraud
ALT000247,TXN00000618,ACC000329,2023-01-26T13:08:10.323Z,95.2,Device Change,Open
ALT000248,,ACC000103,2024-04-02T00:00:47.067Z,71.7,Unusual Activity,False Positive
ALT000249,TXN00000626,ACC000329,2023-02-07T18:59:36.193Z,42.4,Suspicious Login,Confirmed Fraud
ALT000250,TXN00000878,ACC000852,2023-10-12T18:44:04.375Z,1.8,Unusual Activity,Investigating
ALT000251,TXN00000647,ACC000635,2026-02-24T03:36:21.508Z,143.8,Card Not Present,Open
ALT000252,TXN00000372,ACC000262,2023-01-08T04:52:10.899Z,122.9,Device Change,Investigating
ALT000253,TXN00000682,ACC000897,2023-08-16T16:47:44.616Z,21.2,Suspicious Login,Closed
ALT000254,TXN00000610,ACC000795,2023-06-20T11:21:08.447Z,1.3,Device Change,Open
ALT000255,TXN00000302,ACC000239,2023-06-09T11:29:36.465Z,86.9,Card Not Present,Open
ALT000256,TXN00000874,ACC000504,2023-11-02T00:33:53.834Z,2.8,Velocity Alert,Confirmed Fraud
ALT000257,TXN00000377,ACC000310,2023-08-07T08:29:17.085Z,49.2,Device Change,False Positive
ALT000258,TXN00000330,ACC000033,2023-08-15T03:37:32.918Z,45.6,Card Not Present,False Positive
ALT000259,TXN00000735,ACC000901,2023-04-12T08:52:40.951Z,19.7,Velocity Alert,Closed
ALT000260,TXN00000652,ACC000197,2023-07-23T11:02:08.643Z,28.6,Velocity Alert,False Positive
ALT000261,TXN00000008,ACC000049,2023-02-01T14:48:37.529Z,66.5,Card Not Present,False Positive
ALT000262,TXN00000264,ACC000063,2023-03-06T09:25:41.165Z,128.7,Suspicious Login,Investigating
ALT000263,,ACC000932,2024-02-14T00:00:20.554Z,57.9,Velocity Alert,False Positive
ALT000264,TXN00000624,ACC000812,2023-02-18T06:15:11.923Z,69.9,Suspicious Login,Closed
ALT000265,TXN00000031,ACC000030,2023-10-03T07:26:07.680Z,43,Geographic Anomaly,False Positive
ALT000266,TXN00000551,ACC000538,2023-11-09T04:23:19.330Z,55.3,Geographic Anomaly,Closed
ALT000267,,ACC000710,2024-05-26T00:00:39.249Z,66.5,Geographic Anomaly,Confirmed Fraud
ALT000268,,ACC000018,2024-01-10T00:00:54.449Z,40,Card Not Present,Closed
ALT000269,TXN00000086,ACC000062,2023-10-14T06:07:17.902Z,45.6,Unusual Activity,Confirmed Fraud
ALT000270,,ACC000745,2024-05-01T00:00:13.116Z,50.7,Card Not Present,False Positive
ALT000271,TXN00000196,ACC000410,2023-03-30T17:06:39.030Z,86.6,Card Not Present,Open
ALT000272,TXN00000767,ACC000913,2023-12-24T00:59:48.099Z,51,Card Not Present,False Positive
ALT000273,,ACC000570,2024-04-25T00:00:19.857Z,116.1,Suspicious Login,False Positive
ALT000274,TXN00000447,ACC000337,2023-01-09T14:03:36.442Z,46.2,Unusual Activity,False Positive
ALT000275,TXN00000054,ACC000023,2023-02-15T12:56:32.134Z,28,Geographic Anomaly,Closed
ALT000276,TXN00000114,ACC000776,2023-05-03T22:26:42.153Z,72.2,Device Change,Confirmed Fraud
ALT000277,,ACC000744,2024-02-12T00:00:33.968Z,68,Geographic Anomaly,Investigating
ALT000278,TXN00000661,ACC000785,2023-02-18T18:10:40.765Z,51.3,Suspicious Login,False Positive
ALT000279,,ACC000720,2024-05-25T00:00:19.990Z,21.1,Device Change,Confirmed Fraud
ALT000280,TXN00000079,ACC000024,2023-11-03T01:18:04.361Z,8,Geographic Anomaly,Open
ALT000281,TXN00000676,ACC000748,2023-07-18T14:55:30.263Z,67.5,Geographic Anomaly,Closed
ALT000282,TXN00000856,ACC000009,2023-07-12T02:43:43.640Z,117.4,Suspicious Login,Open
ALT000283,TXN00000170,ACC000353,2023-12-20T20:32:42.171Z,82,Card Not Present,Investigating
ALT000284,,ACC000499,2024-04-12T00:00:10.680Z,127.4,Unusual Activity,Investigating
ALT000285,TXN00000244,ACC000220,2023-09-18T10:07:30.099Z,31.4,Device Change,False Positive
ALT000286,,ACC000600,2024-04-14T00:00:44.958Z,73.8,Device Change,Investigating
ALT000287,TXN00000761,ACC000794,2023-12-06T02:15:18.641Z,98.4,Geographic Anomaly,Confirmed Fraud
ALT000288,,ACC000466,2024-01-20T00:00:02.304Z,66.3,Device Change,Confirmed Fraud
ALT000289,TXN00000582,ACC000473,2023-08-12T15:49:54.512Z,5.5,Device Change,False Positive
ALT000290,TXN00000469,ACC000440,2023-08-31T02:29:44.435Z,142.3,Geographic Anomaly,Investigating
ALT000291,TXN00000286,ACC000410,2026-02-24T03:36:34.242Z,2.5,Unusual Activity,Confirmed Fraud
ALT000292,,ACC000663,2024-05-11T00:00:13.472Z,59.4,Unusual Activity,Open
ALT000293,TXN00000356,ACC000693,2023-08-17T16:07:46.920Z,36.5,Unusual Activity,Closed
ALT000294,TXN00000362,ACC000017,2023-07-11T14:43:05.817Z,73.7,Card Not Present,Closed
ALT000295,TXN00000791,ACC000499,2023-12-09T12:00:04.304Z,84.3,Card Not Present,Confirmed Fraud
ALT000296,TXN00000230,ACC000045,2023-02-04T17:59:41.140Z,120.5,Unusual Activity,Closed
ALT000297,,ACC000086,2024-03-21T00:00:19.893Z,28.7,Card Not Present,Confirmed Fraud
ALT000298,TXN00000423,ACC000100,2023-02-13T15:26:14.983Z,27.7,Unusual Activity,Closed
ALT000299,,ACC000215,2024-04-05T00:00:50.085Z,61.8,Suspicious Login,Investigating
ALT000300,TXN00000871,ACC000608,2023-03-27T09:12:59.988Z,30.7,Velocity Alert,Closed
ALT000301,TXN00000195,ACC000544,2023-06-13T14:30:02.323Z,1,Velocity Alert,Open
ALT000302,TXN00000414,ACC000416,2023-07-04T15:02:33.366Z,38,Velocity Alert,Closed
ALT000303,TXN00000660,ACC000125,2023-08-19T09:57:06.755Z,23.5,Device Change,Open
ALT000304,TXN00000459,ACC000792,2023-12-28T06:40:27.064Z,45.2,Card Not Present,Investigating
ALT000305,TXN00000301,ACC000375,2023-06-18T11:49:50.844Z,44.9,High Value Transaction,Confirmed Fraud
ALT000306,TXN00000320,ACC000626,2023-04-17T23:21:56.522Z,19.8,Device Change,Investigating
ALT000307,TXN00000503,ACC000233,2023-08-21T22:29:18.443Z,23.2,Unusual Activity,Open
ALT000308,TXN00000193,ACC000259,2023-07-16T19:26:37.905Z,47.5,Device Change,Open
ALT000309,TXN00000513,ACC000392,2023-12-22T01:45:15.114Z,18.6,Geographic Anomaly,Closed
ALT000310,TXN00000475,ACC000884,2023-07-17T08:44:33.361Z,3.1,Velocity Alert,Confirmed Fraud
ALT000311,TXN00000684,ACC000776,2023-06-16T21:16:04.483Z,18.7,Suspicious Login,Confirmed Fraud
ALT000312,TXN00000493,ACC000315,2023-10-09T19:52:02.904Z,84.9,Device Change,Closed
ALT000313,TXN00000508,ACC000810,2023-10-09T18:20:45.789Z,77.3,Geographic Anomaly,Closed
ALT000314,TXN00000807,ACC000933,2023-10-11T04:16:47.808Z,22.8,Geographic Anomaly,Confirmed Fraud
ALT000315,TXN00000744,ACC000106,2023-03-17T22:09:49.394Z,72.7,Card Not Present,Confirmed Fraud
ALT000316,,ACC000218,2024-01-16T00:00:40.040Z,90.6,High Value Transaction,Confirmed Fraud
ALT000317,,ACC000814,2024-06-20T00:00:18.660Z,67.5,Velocity Alert,Investigating
ALT000318,,ACC000738,2024-01-18T00:00:49.075Z,4.9,High Value Transaction,Investigating
ALT000319,TXN00000399,ACC000415,2023-11-20T14:10:18.125Z,81.1,Suspicious Login,Investigating
ALT000320,,ACC000995,2024-05-14T00:00:28.522Z,63.1,Device Change,Investigating
ALT000321,,ACC000004,2024-01-26T00:00:28.079Z,10.2,Suspicious Login,Confirmed Fraud
ALT000322,TXN00000596,ACC000875,2023-03-13T04:50:17.377Z,20.3,Suspicious Login,Closed
ALT000323,TXN00000357,ACC000348,2023-12-09T02:27:37.712Z,21.6,Card Not Present,Investigating
ALT000324,,ACC000885,2024-03-02T00:00:18.740Z,87.2,Suspicious Login,Confirmed Fraud
ALT000325,TXN00000695,ACC000647,2023-02-03T21:20:19.697Z,17.4,Suspicious Login,False Positive
ALT000326,TXN00000549,ACC000990,2023-10-19T13:09:42.540Z,14.6,Geographic Anomaly,Confirmed Fraud
ALT000327,,ACC000528,2024-04-02T00:00:01.741Z,20.7,High Value Transaction,Closed
ALT000328,TXN00000388,ACC000671,2023-09-20T05:52:57.874Z,45.6,Geographic Anomaly,Confirmed Fraud
ALT000329,TXN00000391,ACC000961,2026-02-15T03:36:33.274Z,116.4,High Value Transaction,Investigating
ALT000330,TXN00000330,ACC000033,2023-08-15T03:37:44.038Z,18.3,Suspicious Login,Investigating
ALT000331,TXN00000468,ACC000494,2026-03-01T03:36:43.321Z,4.3,Card Not Present,Confirmed Fraud
ALT000332,,ACC000658,2024-03-10T23:58:47.250Z,90.1,Suspicious Login,Investigating
ALT000333,TXN00000555,ACC000481,2023-03-23T18:32:00.263Z,14.3,Card Not Present,Investigating
ALT000334,TXN00000877,ACC000350,2023-10-10T11:54:13.697Z,24.7,High Value Transaction,Open
ALT000335,TXN00000224,ACC000844,2026-02-22T03:36:21.993Z,133.3,High Value Transaction,Confirmed Fraud
ALT000336,TXN00000883,ACC000585,2023-05-19T00:40:56.295Z,48.5,Suspicious Login,Open
ALT000337,TXN00000803,ACC000420,2023-09-07T05:21:20.111Z,14.9,Card Not Present,Closed
ALT000338,TXN00000552,ACC000117,2023-06-05T10:12:18.841Z,115.6,Unusual Activity,Confirmed Fraud
ALT000339,TXN00000193,ACC000259,2023-07-16T19:27:00.900Z,53.2,Unusual Activity,Closed
ALT000340,TXN00000437,ACC000104,2026-02-11T03:36:50.305Z,17,Suspicious Login,False Positive
ALT000341,TXN00000722,ACC000719,2026-02-24T03:36:51.820Z,134.1,Geographic Anomaly,False Positive
ALT000342,TXN00000778,ACC000941,2023-03-22T14:47:35.683Z,109.4,Unusual Activity,False Positive
ALT000343,TXN00000064,ACC000005,2023-09-21T04:11:01.617Z,114.7,Device Change,False Positive
ALT000344,,ACC000070,2024-04-19T00:00:56.072Z,75.4,Card Not Present,Confirmed Fraud
ALT000345,TXN00000702,ACC000994,2023-02-10T20:05:33.661Z,79.5,Card Not Present,Confirmed Fraud
ALT000346,,ACC000035,2024-03-20T00:00:23.797Z,69.9,Card Not Present,Confirmed Fraud
ALT000347,TXN00000561,ACC000391,2023-07-13T19:29:28.042Z,11.6,Suspicious Login,Confirmed Fraud
ALT000348,TXN00000148,ACC000351,2023-04-02T18:49:47.882Z,51.6,Card Not Present,Investigating
ALT000349,TXN00000854,ACC000473,2023-02-28T11:01:02.899Z,31.6,Suspicious Login,Confirmed Fraud
ALT000350,TXN00000821,ACC000883,2023-08-26T08:00:11.824Z,16.1,Device Change,Open
ALT000351,TXN00000340,ACC000884,2023-03-22T13:11:17.760Z,43,Geographic Anomaly,False Positive
ALT000352,,ACC000004,2024-04-21T00:00:33.988Z,44.2,Card Not Present,False Positive
ALT000353,TXN00000176,ACC000816,2023-11-27T02:25:19.990Z,81.9,Velocity Alert,Open
ALT000354,TXN00000737,ACC000882,2023-11-26T15:16:30.945Z,41.7,Velocity Alert,False Positive
ALT000355,TXN00000720,ACC000483,2023-05-22T12:29:00.307Z,20,Velocity Alert,Closed
ALT000356,TXN00000187,ACC000251,2023-05-27T08:05:05.917Z,41.6,High Value Transaction,Confirmed Fraud
ALT000357,TXN00000635,ACC000329,2023-08-19T15:11:30.563Z,86.5,Velocity Alert,Confirmed Fraud
ALT000358,TXN00000068,ACC000024,2026-02-03T03:34:14.594Z,128.4,Unusual Activity,Open
ALT000359,TXN00000019,ACC000050,2023-02-28T12:43:36.155Z,18.8,Geographic Anomaly,Confirmed Fraud
ALT000360,,ACC000396,2024-06-24T13:11:12.655Z,37.6,Suspicious Login,Open
ALT000361,TXN00000034,ACC000002,2023-01-15T17:45:30.461Z,47.1,Device Change,Investigating
ALT000362,TXN00000554,ACC000092,2023-08-25T22:00:02.219Z,49.8,Velocity Alert,Open
ALT000363,TXN00000081,ACC000039,2023-06-05T10:08:15.597Z,56.9,Velocity Alert,Investigating
ALT000364,TXN00000550,ACC000748,2023-12-20T20:07:51.512Z,37.4,Suspicious Login,Confirmed Fraud
ALT000365,TXN00000109,ACC000185,2023-05-19T13:16:43.697Z,33.8,Suspicious Login,Investigating
ALT000366,TXN00000052,ACC000069,2023-04-11T22:07:36.858Z,85,Card Not Present,Investigating
ALT000367,TXN00000717,ACC000565,2023-12-09T18:52:11.999Z,76.4,Device Change,Open
ALT000368,TXN00000029,ACC000098,2023-12-06T03:43:22.379Z,30.5,Unusual Activity,Confirmed Fraud
ALT000369,TXN00000002,ACC000076,2023-02-03T03:12:34.517Z,122.9,Unusual Activity,Open
ALT000370,,ACC000535,2024-06-19T00:00:22.612Z,48.7,Velocity Alert,Confirmed Fraud
ALT000371,TXN00000606,ACC000711,2023-04-15T23:04:24.504Z,126,Geographic Anomaly,Open
ALT000372,TXN00000635,ACC000329,2023-08-19T15:11:56.461Z,132.4,Card Not Present,False Positive
ALT000373,,ACC000812,2024-06-09T00:00:01.745Z,74.5,Unusual Activity,False Positive
ALT000374,TXN00000850,ACC000759,2023-11-27T01:41:16.632Z,78.6,High Value Transaction,Investigating
ALT000375,,ACC000255,2024-06-25T00:00:02.011Z,38,Card Not Present,Confirmed Fraud
ALT000376,TXN00000519,ACC000436,2023-02-03T20:00:52.352Z,28.7,Geographic Anomaly,False Positive
ALT000377,,ACC000044,2024-05-22T00:00:21.405Z,41.8,High Value Transaction,Investigating
ALT000378,TXN00000651,ACC000389,2023-01-02T09:21:23.181Z,42.3,High Value Transaction,False Positive
ALT000379,TXN00000356,ACC000693,2023-08-17T16:07:48.415Z,90.9,Suspicious Login,Confirmed Fraud
ALT000380,TXN00000613,ACC000106,2023-10-12T21:51:04.744Z,1.4,Device Change,Confirmed Fraud
ALT000381,TXN00000510,ACC000896,2023-12-13T12:13:56.827Z,54.9,Card Not Present,Closed
ALT000382,TXN00000367,ACC000133,2023-08-26T03:06:05.682Z,109.8,Velocity Alert,Confirmed Fraud
ALT000383,,ACC000026,2024-06-15T00:00:09.853Z,88.2,High Value Transaction,False Positive
ALT000384,TXN00000020,ACC000043,2023-02-11T18:24:35.367Z,88.7,Suspicious Login,Open
ALT000385,TXN00000336,ACC000422,2023-04-22T18:33:03.923Z,32.6,Geographic Anomaly,Open
ALT000386,TXN00000543,ACC000363,2023-05-04T08:51:46.492Z,11.9,High Value Transaction,Investigating
ALT000387,TXN00000359,ACC000134,2023-11-09T17:28:42.983Z,86.1,Device Change,Confirmed Fraud
ALT000388,TXN00000483,ACC000781,2023-06-27T23:01:00.875Z,59,High Value Transaction,Closed
ALT000389,TXN00000196,ACC000410,2023-03-27T08:05:52.663Z,92.4,Suspicious Login,Investigating
ALT000390,,ACC000649,2024-05-10T00:00:34.052Z,69.1,High Value Transaction,Confirmed Fraud
ALT000391,TXN00000768,ACC000840,2026-02-16T03:36:17.705Z,65.9,High Value Transaction,False Positive
ALT000392,,ACC000666,2024-04-21T00:00:10.262Z,87.9,Unusual Activity,Open
ALT000393,,ACC000047,2024-04-23T00:00:35.716Z,35.1,Unusual Activity,Open
ALT000394,TXN00000483,ACC000781,2023-06-27T23:00:51.829Z,33.6,Device Change,False Positive
ALT000395,TXN00000838,ACC000971,2023-09-16T19:11:59.675Z,3.1,Card Not Present,Investigating
ALT000396,TXN00000354,ACC000172,2023-02-14T21:22:04.072Z,80.9,Unusual Activity,Open
ALT000397,TXN00000122,ACC000734,2026-02-18T03:36:59.406Z,97.8,Suspicious Login,Open
ALT000398,TXN00000813,ACC000490,2023-01-02T22:34:51.458Z,84.5,Unusual Activity,Investigating
ALT000399,TXN00000024,ACC000072,2023-12-22T18:42:08.132Z,142.6,Card Not Present,Confirmed Fraud
ALT000400,,ACC000244,2024-04-16T00:00:50.005Z,104.4,Geographic Anomaly,Closed
ALT000401,TXN00000525,ACC000435,2023-12-29T00:31:50.660Z,86.5,Geographic Anomaly,False Positive
ALT000402,TXN00000888,ACC000243,2023-04-14T01:09:56.503Z,46.8,Card Not Present,Closed
ALT000403,TXN00000722,ACC000719,2026-02-24T03:36:54.748Z,64.2,Velocity Alert,Confirmed Fraud
ALT000404,TXN00000536,ACC000152,2023-03-14T09:54:58.979Z,0.2,Velocity Alert,Closed
ALT000405,TXN00000551,ACC000538,2023-11-09T04:22:54.003Z,21,Unusual Activity,Confirmed Fraud
ALT000406,,ACC000546,2024-03-23T00:00:14.355Z,117.2,Device Change,Closed
ALT000407,TXN00000109,ACC000185,2023-05-17T03:06:03.476Z,9.5,Card Not Present,Confirmed Fraud
ALT000408,TXN00000284,ACC000189,2023-07-27T21:42:48.865Z,122,Device Change,Confirmed Fraud
ALT000409,,ACC000806,2024-05-18T00:00:17.168Z,51.7,Geographic Anomaly,Closed
ALT000410,TXN00000231,ACC000029,2023-02-22T07:36:00.600Z,83.4,Unusual Activity,Investigating
ALT000411,TXN00000171,ACC000888,2023-01-05T08:19:45.012Z,83.3,Unusual Activity,Closed
ALT000412,TXN00000390,ACC000983,2026-02-25T05:17:52.697Z,25.5,Velocity Alert,Confirmed Fraud
ALT000413,TXN00000301,ACC000375,2023-06-18T11:49:42.778Z,134.3,Velocity Alert,Investigating
ALT000414,,ACC000748,2024-06-13T00:00:48.735Z,144.4,Card Not Present,Closed
ALT000415,TXN00000262,ACC000335,2023-02-09T20:48:23.810Z,16.7,Suspicious Login,Closed
ALT000416,TXN00000460,ACC000492,2023-10-15T09:11:14.943Z,68.1,Device Change,Confirmed Fraud
ALT000417,TXN00000502,ACC000338,2023-06-13T08:58:11.895Z,47.3,Card Not Present,Confirmed Fraud
ALT000418,TXN00000718,ACC000620,2023-07-25T22:15:15.903Z,47.6,Velocity Alert,Open
ALT000419,TXN00000549,ACC000990,2023-10-19T13:10:33.685Z,67.3,Card Not Present,Investigating
ALT000420,TXN00000657,ACC000035,2023-10-13T20:24:03.969Z,55.6,Velocity Alert,Confirmed Fraud
ALT000421,TXN00000288,ACC000630,2023-10-22T22:20:48.187Z,52.3,Velocity Alert,Closed
ALT000422,TXN00000427,ACC000685,2023-04-21T08:41:00.024Z,69.9,Device Change,Confirmed Fraud
ALT000423,TXN00000717,ACC000565,2023-12-07T01:06:38.294Z,82.4,High Value Transaction,False Positive
ALT000424,TXN00000224,ACC000844,2026-02-22T03:36:25.763Z,51.8,Card Not Present,False Positive
ALT000425,,ACC000770,2024-01-21T00:00:26.329Z,81.2,Unusual Activity,False Positive
ALT000426,TXN00000560,ACC000238,2023-04-14T17:48:57.502Z,141.2,High Value Transaction,Open
ALT000427,TXN00000312,ACC000226,2023-11-29T23:58:35.524Z,91.9,Unusual Activity,Closed
ALT000428,TXN00000195,ACC000544,2023-06-13T14:30:21.001Z,6.1,High Value Transaction,Investigating
ALT000429,TXN00000582,ACC000473,2023-08-12T15:50:20.964Z,18.4,Velocity Alert,False Positive
ALT000430,,ACC000738,2024-05-25T00:00:06.503Z,78.7,Device Change,Open
ALT000431,TXN00000018,ACC000073,2023-10-01T07:14:12.474Z,16.1,Device Change,Investigating
ALT000432,TXN00000222,ACC000527,2023-01-20T14:46:09.787Z,12.5,Suspicious Login,Confirmed Fraud
ALT000433,TXN00000842,ACC000759,2023-03-14T03:11:51.386Z,44.5,High Value Transaction,Closed
ALT000434,TXN00000578,ACC000913,2023-10-20T02:46:50.631Z,1.5,Unusual Activity,Confirmed Fraud
ALT000435,TXN00000754,ACC000527,2023-05-05T17:04:53.293Z,62.5,Device Change,Open
ALT000436,TXN00000152,ACC000415,2023-06-23T23:32:48.076Z,53.9,Card Not Present,Open
ALT000437,TXN00000349,ACC000778,2023-05-23T18:04:58.702Z,46.5,Unusual Activity,Open
ALT000438,TXN00000263,ACC000847,2023-09-24T13:47:10.864Z,58.5,Suspicious Login,Open
ALT000439,TXN00000275,ACC000708,2023-08-13T12:04:32.922Z,19.6,Unusual Activity,False Positive
ALT000440,,ACC000809,2024-06-28T00:00:01.072Z,29,Unusual Activity,Closed
ALT000441,TXN00000109,ACC000185,2023-05-17T03:06:49.171Z,19.7,High Value Transaction,False Positive
ALT000442,TXN00000454,ACC000256,2023-04-11T12:50:42.589Z,60.2,High Value Transaction,Investigating
ALT000443,,ACC000976,2024-03-13T00:00:08.585Z,85.8,Geographic Anomaly,Open
ALT000444,TXN00000427,ACC000685,2023-04-21T08:41:16.334Z,17,Unusual Activity,Confirmed Fraud
ALT000445,TXN00000904,ACC000471,2023-10-09T21:07:28.042Z,80.5,Unusual Activity,Confirmed Fraud
ALT000446,TXN00000853,ACC000748,2023-05-01T01:14:29.527Z,67.6,Card Not Present,Investigating
ALT000447,TXN00000888,ACC000243,2023-04-10T03:08:03.860Z,66.1,Geographic Anomaly,Confirmed Fraud
ALT000448,TXN00000357,ACC000348,2023-12-09T02:27:35.363Z,80.6,Velocity Alert,Confirmed Fraud
ALT000449,TXN00000631,ACC000370,2023-11-09T09:16:04.052Z,11.5,Unusual Activity,False Positive
ALT000450,TXN00000790,ACC000798,2023-04-26T12:20:03.523Z,50.5,High Value Transaction,Confirmed Fraud
ALT000451,TXN00000563,ACC000076,2023-07-18T11:03:47.142Z,75.1,Unusual Activity,Closed
ALT000452,TXN00000896,ACC000143,2023-08-28T22:35:24.781Z,72.4,Device Change,Investigating
ALT000453,,ACC000537,2024-01-28T21:12:31.623Z,82.9,High Value Transaction,Open
ALT000454,,ACC000356,2024-05-06T00:00:46.342Z,71.2,Card Not Present,Open
ALT000455,TXN00000524,ACC000764,2023-12-17T18:13:46.119Z,142.4,Unusual Activity,Investigating
ALT000456,TXN00000561,ACC000391,2023-07-13T19:29:01.368Z,76.8,Card Not Present,Closed
ALT000457,,ACC000622,2024-02-20T00:00:01.312Z,25,Velocity Alert,Closed
ALT000458,TXN00000644,ACC000091,2023-11-15T15:06:02.433Z,36.6,Card Not Present,Investigating
ALT000459,TXN00000670,ACC000627,2023-11-20T17:43:14.247Z,33.7,Suspicious Login,Open
ALT000460,TXN00000490,ACC000934,2023-09-16T07:13:56.240Z,28.5,Unusual Activity,False Positive
ALT000461,TXN00000256,ACC000688,2023-12-06T18:20:38.255Z,93,Device Change,Investigating
ALT000462,TXN00000171,ACC000888,2023-01-08T18:38:41.692Z,60.8,Geographic Anomaly,Investigating
ALT000463,,ACC000947,2024-01-28T00:00:02.301Z,73.5,Device Change,Confirmed Fraud
ALT000464,,ACC000503,2024-01-06T00:00:05.837Z,76,Card Not Present,Closed
ALT000465,TXN00000567,ACC000801,2026-02-18T05:01:25.286Z,8,High Value Transaction,Confirmed Fraud
ALT000466,TXN00000084,ACC000013,2023-05-20T08:21:56.702Z,43.6,High Value Transaction,Closed
ALT000467,TXN00000504,ACC000214,2023-05-08T04:20:16.450Z,82.5,Velocity Alert,Open
ALT000468,TXN00000452,ACC000397,2023-04-28T10:55:47.373Z,94.1,Suspicious Login,Closed
ALT000469,TXN00000570,ACC000031,2023-07-09T17:56:18.120Z,4,Card Not Present,Investigating
ALT000470,TXN00000613,ACC000106,2023-10-12T21:51:54.320Z,61.3,Unusual Activity,Confirmed Fraud
ALT000471,TXN00000569,ACC000701,2023-12-15T13:55:48.087Z,57.3,Velocity Alert,Confirmed Fraud
ALT000472,TXN00000137,ACC000296,2023-04-21T20:56:00.844Z,136.1,Velocity Alert,Open
ALT000473,TXN00000805,ACC000180,2026-02-09T03:36:17.639Z,45.7,Suspicious Login,Open
ALT000474,TXN00000506,ACC000439,2023-12-15T18:49:55.241Z,131.5,Velocity Alert,False Positive
ALT000475,,ACC000653,2024-06-01T00:00:20.813Z,2.3,High Value Transaction,Investigating
ALT000476,TXN00000276,ACC000194,2026-02-20T03:36:49.307Z,115.2,Unusual Activity,Confirmed Fraud
ALT000477,TXN00000736,ACC000662,2023-03-27T07:52:32.177Z,27.9,High Value Transaction,Confirmed Fraud
ALT000478,TXN00000756,ACC000427,2023-04-27T00:36:57.044Z,116,Velocity Alert,Confirmed Fraud
ALT000479,TXN00000686,ACC000644,2023-09-19T20:40:06.983Z,143.1,Geographic Anomaly,Confirmed Fraud
ALT000480,,ACC000084,2024-05-07T00:00:35.481Z,143.7,Device Change,Confirmed Fraud
ALT000481,TXN00000592,ACC000330,2023-10-10T01:58:03.097Z,74,Device Change,Open
ALT000482,TXN00000650,ACC000338,2023-09-13T11:08:29.811Z,54.1,High Value Transaction,Investigating
ALT000483,TXN00000080,ACC000046,2023-09-04T07:25:49.006Z,75.8,Suspicious Login,Confirmed Fraud
ALT000484,,ACC000221,2024-03-01T00:00:52.927Z,8.3,High Value Transaction,Confirmed Fraud
ALT000485,,ACC000550,2024-06-20T00:00:56.465Z,37.1,Device Change,Closed
ALT000486,TXN00000624,ACC000812,2023-02-19T18:31:26.174Z,59.9,Unusual Activity,Closed
ALT000487,TXN00000599,ACC000714,2023-01-16T13:53:58.429Z,66.6,Device Change,False Positive
ALT000488,TXN00000448,ACC000449,2023-08-06T15:02:34.845Z,62.6,Suspicious Login,False Positive
ALT000489,TXN00000208,ACC000961,2023-03-19T16:59:31.302Z,40.7,Device Change,False Positive
ALT000490,TXN00000003,ACC000014,2023-03-09T21:12:07.560Z,43.7,High Value Transaction,Open
ALT000491,,ACC000780,2024-06-08T00:48:57.565Z,87.5,Device Change,Open
ALT000492,TXN00000054,ACC000023,2023-02-15T12:56:42.251Z,36.2,Device Change,Investigating
ALT000493,TXN00000467,ACC000882,2023-10-18T04:36:46.852Z,46.5,High Value Transaction,Confirmed Fraud
ALT000494,TXN00000697,ACC000982,2023-11-10T04:49:54.332Z,7,Geographic Anomaly,False Positive
ALT000495,TXN00000404,ACC000080,2023-05-16T19:56:10.145Z,73,Unusual Activity,Investigating
ALT000496,TXN00000181,ACC000061,2023-12-07T18:19:18.126Z,18.2,Card Not Present,False Positive
ALT000497,TXN00000007,ACC000096,2026-03-02T03:33:53.939Z,148.5,Velocity Alert,Confirmed Fraud
ALT000498,TXN00000426,ACC000718,2023-05-21T06:24:56.150Z,80.4,Device Change,Confirmed Fraud
ALT000499,TXN00000360,ACC000733,2023-04-11T20:17:39.445Z,4.5,Suspicious Login,Closed
ALT000500,TXN00000881,ACC000534,2023-11-08T00:19:55.165Z,99.6,Unusual Activity,False Positive
ALT000501,TXN00000028,ACC000010,2023-05-22T08:59:04.631Z,52.7,Device Change,Open
ALT000502,TXN00000112,ACC000071,2023-09-21T03:49:23.086Z,10.9,Unusual Activity,Investigating
ALT000503,,ACC000287,2024-03-02T00:00:12.492Z,37.1,High Value Transaction,Investigating
ALT000504,TXN00000321,ACC000342,2023-08-26T19:20:34.296Z,13.3,Velocity Alert,Open
ALT000505,TXN00000412,ACC000109,2023-06-04T13:03:17.705Z,61.5,Geographic Anomaly,False Positive
ALT000506,TXN00000852,ACC000832,2023-04-05T22:48:48.512Z,68.4,High Value Transaction,Closed
ALT000507,TXN00000617,ACC000734,2023-02-13T18:40:24.072Z,75.1,Device Change,Confirmed Fraud
ALT000508,TXN00000577,ACC000753,2026-02-24T03:36:31.300Z,66.1,Device Change,Open
ALT000509,,ACC000776,2024-03-27T00:00:50.808Z,26.2,Velocity Alert,False Positive
ALT000510,,ACC000499,2024-01-01T00:00:34.325Z,81,Geographic Anomaly,False Positive
ALT000511,TXN00000599,ACC000714,2023-01-16T13:53:54.785Z,147.6,Device Change,Closed
ALT000512,TXN00000322,ACC000415,2023-08-08T07:09:00.626Z,145.8,Velocity Alert,Investigating
ALT000513,TXN00000209,ACC000085,2023-11-22T07:51:17.549Z,62.5,Unusual Activity,Open
ALT000514,TXN00000482,ACC000327,2023-05-27T18:36:51.569Z,35.6,Device Change,Open
ALT000515,TXN00000078,ACC000096,2023-02-05T18:29:36.692Z,69.1,Card Not Present,False Positive
ALT000516,,ACC000414,2024-02-26T00:00:05.412Z,95,Unusual Activity,Investigating
ALT000517,TXN00000211,ACC000068,2023-02-17T13:47:40.204Z,61.6,Velocity Alert,Open
ALT000518,TXN00000174,ACC000563,2023-01-09T04:37:13.766Z,87.8,Card Not Present,False Positive
ALT000519,,ACC000124,2024-06-24T00:00:39.020Z,8.5,Device Change,False Positive
ALT000520,TXN00000558,ACC000736,2023-03-24T12:11:59.179Z,143.8,Suspicious Login,Closed
ALT000521,TXN00000299,ACC000069,2023-12-24T01:14:42.860Z,68,Unusual Activity,Open
ALT000522,TXN00000298,ACC000930,2023-11-18T21:33:11.807Z,88.9,High Value Transaction,Confirmed Fraud
ALT000523,TXN00000266,ACC000809,2023-06-10T21:26:31.498Z,129.7,High Value Transaction,Open
ALT000524,,ACC000813,2024-06-10T00:00:45.590Z,31.8,Velocity Alert,Open
ALT000525,,ACC000508,2024-05-01T00:00:14.747Z,91.8,Card Not Present,Closed
ALT000526,,ACC000217,2024-05-08T03:18:21.928Z,31.3,Unusual Activity,Confirmed Fraud
ALT000527,,ACC000628,2024-03-20T00:00:28.498Z,67.8,High Value Transaction,Closed
ALT000528,,ACC000938,2024-03-03T00:00:18.663Z,28.5,Suspicious Login,Investigating
ALT000529,TXN00000443,ACC000953,2023-11-04T21:31:47.701Z,58.7,Velocity Alert,Confirmed Fraud
ALT000530,TXN00000675,ACC001000,2023-10-01T00:57:25.191Z,24,High Value Transaction,Confirmed Fraud
ALT000531,TXN00000433,ACC000448,2023-09-11T16:00:34.367Z,98.6,Unusual Activity,Open
ALT000532,,ACC000367,2024-05-10T00:00:28.102Z,16.5,Card Not Present,Investigating
ALT000533,TXN00000155,ACC000533,2023-02-27T01:36:22.756Z,59.7,Geographic Anomaly,Open
ALT000534,TXN00000795,ACC000694,2023-10-07T18:54:53.364Z,46.3,High Value Transaction,Closed
ALT000535,TXN00000721,ACC000156,2023-04-20T16:54:08.262Z,79.7,Geographic Anomaly,Open
ALT000536,TXN00000510,ACC000896,2023-12-16T16:21:15.823Z,102.7,Card Not Present,False Positive
ALT000537,,ACC000108,2024-02-16T00:00:51.831Z,113.2,Card Not Present,Confirmed Fraud
ALT000538,TXN00000377,ACC000310,2023-08-07T08:28:26.398Z,26.7,Card Not Present,Investigating
ALT000539,TXN00000231,ACC000029,2023-02-24T13:27:01.159Z,71.2,Card Not Present,Closed
ALT000540,TXN00000758,ACC000343,2023-08-01T12:48:47.631Z,17.7,Card Not Present,False Positive
ALT000541,TXN00000387,ACC000459,2023-05-15T15:18:03.105Z,72,Unusual Activity,Closed
ALT000542,,ACC000970,2024-06-04T00:00:46.703Z,9.2,High Value Transaction,Closed
ALT000543,TXN00000826,ACC000323,2023-08-17T15:54:47.453Z,79.9,Device Change,Closed
ALT000544,,ACC000409,2024-03-12T00:00:43.913Z,6.2,Geographic Anomaly,False Positive
ALT000545,TXN00000787,ACC000384,2023-03-18T20:01:39.052Z,137.8,Geographic Anomaly,False Positive
ALT000546,TXN00000414,ACC000416,2023-07-04T15:02:32.642Z,35,Geographic Anomaly,Confirmed Fraud
ALT000547,TXN00000654,ACC000126,2023-02-26T07:12:42.682Z,94,Velocity Alert,Closed
ALT000548,TXN00000403,ACC000024,2023-04-10T10:04:07.608Z,7.9,Suspicious Login,False Positive
ALT000549,TXN00000295,ACC000204,2023-03-12T23:46:10.264Z,81.8,Unusual Activity,False Positive
ALT000550,TXN00000417,ACC000734,2023-10-24T13:01:51.776Z,59.2,Suspicious Login,Confirmed Fraud
ALT000551,TXN00000776,ACC000481,2023-03-05T14:06:54.137Z,20.2,Velocity Alert,Open
ALT000552,TXN00000684,ACC000776,2023-06-16T21:16:06.990Z,44.7,Card Not Present,Investigating
ALT000553,TXN00000644,ACC000091,2023-11-16T10:19:10.131Z,59.3,Unusual Activity,Closed
ALT000554,TXN00000135,ACC000356,2023-03-23T02:34:40.552Z,16.8,Velocity Alert,Open
ALT000555,TXN00000592,ACC000330,2023-10-10T01:57:56.082Z,85.5,High Value Transaction,Confirmed Fraud
ALT000556,TXN00000877,ACC000350,2023-10-10T11:54:35.834Z,55.1,Suspicious Login,Open
ALT000557,TXN00000324,ACC000754,2023-10-19T04:03:03.391Z,108.4,Device Change,False Positive
ALT000558,TXN00000427,ACC000685,2023-04-24T18:41:01.254Z,31.1,Suspicious Login,False Positive
ALT000559,,ACC000470,2024-03-26T00:00:44.245Z,135.3,Geographic Anomaly,Investigating
ALT000560,TXN00000320,ACC000626,2023-04-21T12:56:16.876Z,25.4,Suspicious Login,Open
ALT000561,,ACC000496,2024-02-14T00:00:17.985Z,8.5,Card Not Present,Investigating
ALT000562,TXN00000466,ACC000486,2023-02-05T09:09:08.487Z,27.1,Device Change,Closed
ALT000563,TXN00000577,ACC000753,2026-02-24T03:36:43.470Z,60.1,Device Change,Confirmed Fraud
ALT000564,TXN00000031,ACC000030,2023-10-03T07:26:24.904Z,24.1,Card Not Present,Confirmed Fraud
ALT000565,TXN00000180,ACC000550,2023-03-16T21:48:37.790Z,9,Unusual Activity,Confirmed Fraud
ALT000566,TXN00000013,ACC000009,2026-02-03T03:33:41.824Z,62.2,Suspicious Login,Open
ALT000567,,ACC000246,2024-03-26T00:00:52.273Z,112.4,Unusual Activity,Confirmed Fraud
ALT000568,TXN00000516,ACC000948,2023-08-23T13:32:46.551Z,22.5,Unusual Activity,Open
ALT000569,TXN00000740,ACC000795,2023-11-04T01:31:48.649Z,43.5,High Value Transaction,Investigating
ALT000570,TXN00000112,ACC000071,2023-09-21T03:49:52.077Z,60,Device Change,Confirmed Fraud
ALT000571,TXN00000903,ACC000292,2023-05-12T20:05:47.738Z,50.4,Card Not Present,Confirmed Fraud
ALT000572,,ACC000177,2024-06-30T23:49:28.357Z,96.4,Card Not Present,False Positive
ALT000573,TXN00000591,ACC000373,2023-10-12T13:24:39.261Z,5.3,Device Change,Confirmed Fraud
ALT000574,TXN00000564,ACC000061,2023-02-09T19:02:11.008Z,10,High Value Transaction,Closed
ALT000575,TXN00000170,ACC000353,2023-12-19T04:33:01.567Z,70.9,Card Not Present,Confirmed Fraud
ALT000576,TXN00000814,ACC000065,2023-05-16T19:04:14.481Z,54.1,Velocity Alert,False Positive
ALT000577,TXN00000782,ACC000213,2023-11-28T13:21:03.681Z,20.2,High Value Transaction,Investigating
ALT000578,,ACC000405,2024-02-05T00:00:07.711Z,43.8,Geographic Anomaly,Confirmed Fraud
ALT000579,TXN00000200,ACC000493,2023-09-26T20:12:32.461Z,10.7,Device Change,False Positive
ALT000580,,ACC000994,2024-06-09T00:00:16.289Z,79.4,Geographic Anomaly,Investigating
ALT000581,TXN00000539,ACC000752,2023-01-21T08:50:28.057Z,76.6,Device Change,Closed
ALT000582,TXN00000280,ACC000810,2023-07-24T12:01:54.829Z,51.6,Unusual Activity,Closed
ALT000583,,ACC000372,2024-04-11T00:00:18.267Z,10.4,Geographic Anomaly,Open
ALT000584,TXN00000732,ACC000854,2023-11-08T15:07:17.585Z,54,Geographic Anomaly,Confirmed Fraud
ALT000585,,ACC000751,2024-02-05T00:00:19.605Z,62.6,Unusual Activity,Open
ALT000586,TXN00000850,ACC000759,2023-11-27T01:40:41.531Z,99.7,Suspicious Login,Open
ALT000587,TXN00000284,ACC000189,2023-07-27T21:42:21.439Z,12.5,Geographic Anomaly,Open
ALT000588,,ACC000752,2024-04-27T00:00:17.224Z,93.6,High Value Transaction,Investigating
ALT000589,TXN00000548,ACC000649,2023-09-09T10:33:22.302Z,95.8,Unusual Activity,Confirmed Fraud
ALT000590,TXN00000341,ACC000838,2026-02-05T03:36:54.990Z,54.4,Device Change,Investigating
ALT000591,TXN00000790,ACC000798,2023-04-26T12:19:53.923Z,15.5,Unusual Activity,Confirmed Fraud
ALT000592,,ACC000516,2024-04-03T00:00:10.604Z,97,High Value Transaction,Closed
ALT000593,TXN00000476,ACC000158,2023-04-15T10:16:51.906Z,55,Card Not Present,Investigating
ALT000594,TXN00000102,ACC000094,2023-09-26T22:38:49.586Z,55.5,Card Not Present,Investigating
ALT000595,TXN00000224,ACC000844,2026-02-22T03:36:08.734Z,101,Card Not Present,Investigating
ALT000596,TXN00000805,ACC000180,2026-02-10T11:30:54.274Z,112,Velocity Alert,False Positive
ALT000597,TXN00000226,ACC000790,2026-02-07T03:36:21.285Z,96.1,High Value Transaction,Open
ALT000598,TXN00000025,ACC000020,2023-03-16T02:40:43.883Z,67.6,Device Change,Investigating
ALT000599,,ACC000422,2024-03-04T00:00:38.751Z,47.1,Card Not Present,Investigating
ALT000600,TXN00000695,ACC000647,2023-02-03T21:20:07.703Z,48.6,Geographic Anomaly,Confirmed Fraud
ALT000601,,ACC000392,2024-03-04T00:00:59.844Z,71.4,Unusual Activity,Confirmed Fraud
ALT000602,TXN00000762,ACC000645,2023-10-15T20:25:17.316Z,53.1,Card Not Present,Open
ALT000603,TXN00000697,ACC000982,2023-11-08T04:07:46.961Z,31.3,Geographic Anomaly,Open
ALT000604,TXN00000066,ACC000052,2023-12-15T08:27:27.602Z,44.8,Geographic Anomaly,Closed
ALT000605,TXN00000741,ACC000472,2023-04-05T00:25:57.113Z,26.6,Velocity Alert,Closed
ALT000606,TXN00000208,ACC000961,2023-03-19T16:59:13.766Z,41.6,Suspicious Login,Investigating
ALT000607,TXN00000450,ACC000644,2023-02-16T07:17:16.818Z,95.3,Geographic Anomaly,Confirmed Fraud
ALT000608,TXN00000849,ACC000315,2026-02-03T03:36:55.169Z,85.9,Suspicious Login,Closed
ALT000609,TXN00000417,ACC000734,2023-10-24T03:03:52.427Z,63.7,Velocity Alert,Open
ALT000610,TXN00000007,ACC000096,2026-03-02T03:33:43.024Z,89.1,Unusual Activity,Open
ALT000611,TXN00000103,ACC000236,2026-02-17T03:36:49.036Z,82.5,Card Not Present,Confirmed Fraud
ALT000612,TXN00000627,ACC000474,2023-08-03T15:10:48.979Z,0.8,High Value Transaction,Open
ALT000613,TXN00000533,ACC000316,2023-09-15T09:59:04.225Z,97,Suspicious Login,Confirmed Fraud
ALT000614,,ACC000066,2024-05-12T17:44:44.550Z,71.9,Suspicious Login,Closed
ALT000615,TXN00000842,ACC000759,2023-03-14T03:11:59.454Z,83.3,Suspicious Login,False Positive
ALT000616,TXN00000260,ACC000413,2023-06-15T06:08:32.175Z,21,Geographic Anomaly,Closed
ALT000617,TXN00000565,ACC000547,2023-10-19T04:52:21.669Z,8.4,Suspicious Login,Confirmed Fraud
ALT000618,TXN00000598,ACC000013,2023-07-10T08:55:10.484Z,87.7,Suspicious Login,False Positive
ALT000619,TXN00000278,ACC000302,2023-10-24T17:34:23.552Z,109.4,Geographic Anomaly,False Positive
ALT000620,TXN00000185,ACC000784,2023-02-02T13:42:16.369Z,92.6,Velocity Alert,False Positive
ALT000621,TXN00000767,ACC000913,2023-12-21T15:57:02.684Z,17,Device Change,False Positive
ALT000622,TXN00000574,ACC000133,2026-02-22T05:14:20.643Z,130.2,Suspicious Login,Closed
ALT000623,TXN00000436,ACC000915,2023-03-27T06:23:27.516Z,58.3,Geographic Anomaly,Open
ALT000624,TXN00000357,ACC000348,2023-12-09T02:27:00.701Z,135.7,Geographic Anomaly,Confirmed Fraud
ALT000625,TXN00000604,ACC000946,2023-03-22T18:14:42.017Z,74.7,Device Change,False Positive
ALT000626,TXN00000705,ACC000460,2026-02-11T03:36:30.491Z,80.1,Suspicious Login,Confirmed Fraud
ALT000627,,ACC000555,2024-02-27T21:20:12.062Z,83.1,High Value Transaction,Investigating
ALT000628,TXN00000814,ACC000065,2023-05-16T19:03:47.591Z,75.9,Card Not Present,Investigating
ALT000629,TXN00000588,ACC000965,2023-06-21T12:40:51.120Z,57.8,Card Not Present,Investigating
ALT000630,TXN00000189,ACC000845,2023-07-09T03:22:46.295Z,98.9,Suspicious Login,Closed
ALT000631,,ACC000816,2024-04-18T00:00:36.326Z,72.9,Suspicious Login,False Positive
ALT000632,TXN00000502,ACC000338,2023-06-13T08:58:47.372Z,58.4,Velocity Alert,Closed
ALT000633,TXN00000327,ACC000755,2023-09-04T11:36:42.345Z,68.5,Velocity Alert,Open
ALT000634,TXN00000245,ACC000234,2023-10-22T04:51:28.842Z,52.7,Card Not Present,Open
ALT000635,TXN00000069,ACC000084,2023-07-12T18:26:24.869Z,38.5,High Value Transaction,Investigating
ALT000636,TXN00000774,ACC000951,2023-10-22T20:33:24.167Z,8.7,Suspicious Login,Open
ALT000637,,ACC000072,2024-06-04T00:00:59.878Z,75.7,Velocity Alert,Open
ALT000638,TXN00000747,ACC000155,2023-03-02T19:51:40.722Z,76.9,Card Not Present,Investigating
ALT000639,,ACC000926,2024-02-19T00:00:02.536Z,26.8,Suspicious Login,Investigating
ALT000640,TXN00000537,ACC000604,2026-02-16T03:36:24.065Z,90.1,Device Change,Open
ALT000641,TXN00000637,ACC000369,2026-02-25T03:36:04.532Z,42.2,Geographic Anomaly,Confirmed Fraud
ALT000642,TXN00000610,ACC000795,2023-06-20T11:20:49.823Z,80.9,Suspicious Login,Investigating
ALT000643,TXN00000259,ACC000968,2023-07-11T06:51:39.255Z,87,Card Not Present,False Positive
ALT000644,,ACC000960,2024-04-22T00:00:33.962Z,72.4,High Value Transaction,Confirmed Fraud
ALT000645,TXN00000396,ACC000122,2023-06-27T17:42:17.617Z,68.1,Velocity Alert,Investigating
ALT000646,TXN00000823,ACC000002,2023-11-22T01:23:19.598Z,64,Card Not Present,Closed
ALT000647,,ACC000714,2024-06-21T00:00:13.510Z,60.8,Device Change,Investigating
ALT000648,TXN00000543,ACC000363,2023-05-05T13:10:13.127Z,2.6,Suspicious Login,False Positive
ALT000649,TXN00000176,ACC000816,2023-11-24T23:51:45.826Z,3.3,Suspicious Login,Investigating
ALT000650,TXN00000428,ACC000081,2023-04-12T08:32:10.356Z,51.1,Card Not Present,Investigating
ALT000651,TXN00000580,ACC000528,2023-03-07T21:24:12.604Z,60.1,Suspicious Login,Open
ALT000652,TXN00000343,ACC000678,2023-05-05T23:27:38.168Z,105.6,Velocity Alert,Open
ALT000653,TXN00000233,ACC000674,2023-01-28T20:14:47.374Z,133.1,Card Not Present,Open
ALT000654,,ACC000684,2024-01-22T00:00:09.272Z,0.5,Suspicious Login,Confirmed Fraud
ALT000655,TXN00000346,ACC000102,2023-06-05T17:42:43.548Z,79.1,Velocity Alert,Investigating
ALT000656,,ACC000899,2024-05-23T00:00:10.986Z,62,Velocity Alert,Open
ALT000657,TXN00000363,ACC000817,2023-03-04T05:50:41.183Z,6.3,Velocity Alert,Investigating
ALT000658,TXN00000709,ACC000543,2026-02-16T03:36:14.695Z,21.4,Geographic Anomaly,Open
ALT000659,TXN00000293,ACC000123,2023-08-06T08:31:52.815Z,102.4,Suspicious Login,False Positive
ALT000660,TXN00000068,ACC000024,2026-02-03T03:33:46.585Z,63.4,Device Change,Confirmed Fraud
ALT000661,,ACC000999,2024-03-06T00:00:23.082Z,96.9,Velocity Alert,Investigating
ALT000662,,ACC000765,2024-03-16T00:00:05.655Z,53.7,Suspicious Login,Investigating
ALT000663,TXN00000109,ACC000185,2023-05-18T12:49:13.028Z,148.8,Card Not Present,Open
ALT000664,TXN00000712,ACC000105,2023-06-20T01:19:51.005Z,34,Geographic Anomaly,Closed
ALT000665,TXN00000514,ACC000976,2026-02-17T03:36:32.055Z,142.8,Suspicious Login,Open
ALT000666,TXN00000113,ACC000134,2023-11-05T20:33:38.977Z,89.5,Card Not Present,Open
ALT000667,,ACC000120,2024-05-06T00:00:23.865Z,1.7,Suspicious Login,Investigating
ALT000668,TXN00000729,ACC000869,2023-03-12T14:09:44.240Z,14.1,Device Change,Closed
ALT000669,TXN00000383,ACC000805,2023-01-11T16:25:16.749Z,70.6,Device Change,False Positive
ALT000670,,ACC000227,2024-01-11T00:00:44.625Z,73.5,Unusual Activity,Closed
ALT000671,TXN00000798,ACC000720,2023-03-24T18:09:09.771Z,43.7,Velocity Alert,Investigating
ALT000672,TXN00000124,ACC000932,2023-09-08T07:15:59.289Z,45,Velocity Alert,Investigating
ALT000673,TXN00000548,ACC000649,2023-09-09T10:33:33.391Z,4.3,Suspicious Login,Investigating
ALT000674,,ACC000372,2024-06-12T00:00:27.056Z,57.5,Unusual Activity,Closed
ALT000675,TXN00000780,ACC000685,2023-01-25T10:57:56.487Z,58.1,Device Change,Confirmed Fraud
ALT000676,TXN00000237,ACC000774,2023-01-05T23:26:05.598Z,23.6,Suspicious Login,Closed
ALT000677,TXN00000900,ACC000590,2023-01-23T03:56:28.206Z,50.4,Unusual Activity,Closed
ALT000678,TXN00000559,ACC000867,2023-01-17T08:38:14.836Z,16.6,Suspicious Login,Open
ALT000679,,ACC000658,2024-03-18T00:00:08.474Z,26.4,High Value Transaction,Open
ALT000680,,ACC000582,2024-04-26T00:00:40.702Z,46.2,Card Not Present,Closed
ALT000681,TXN00000066,ACC000052,2023-12-12T16:10:47.367Z,16.3,Velocity Alert,Confirmed Fraud
ALT000682,TXN00000671,ACC000613,2023-01-21T07:34:22.851Z,87.3,Unusual Activity,Open
ALT000683,TXN00000401,ACC000771,2023-11-19T10:35:50.930Z,58.9,Suspicious Login,Confirmed Fraud
ALT000684,TXN00000273,ACC000057,2023-04-09T14:54:16.784Z,106.4,Geographic Anomaly,Investigating
ALT000685,TXN00000254,ACC000820,2023-09-20T05:28:47.037Z,87.4,Velocity Alert,Investigating
ALT000686,TXN00000681,ACC000048,2023-06-11T06:43:16.668Z,86.4,Suspicious Login,Confirmed Fraud
ALT000687,TXN00000460,ACC000492,2023-10-15T09:11:22.020Z,61.2,Suspicious Login,False Positive
ALT000688,,ACC000629,2024-03-22T00:00:07.237Z,106.5,Card Not Present,False Positive
ALT000689,TXN00000291,ACC000708,2023-05-07T14:33:06.513Z,6.4,Card Not Present,Investigating
ALT000690,TXN00000853,ACC000748,2023-05-01T01:15:07.713Z,85.7,Card Not Present,Investigating
ALT000691,TXN00000520,ACC000584,2026-03-03T23:15:34.646Z,98.6,Velocity Alert,Investigating
ALT000692,,ACC000848,2024-02-06T08:54:05.060Z,17.7,Unusual Activity,False Positive
ALT000693,TXN00000854,ACC000473,2023-02-28T11:01:22.535Z,131,Suspicious Login,Investigating
ALT000694,,ACC000721,2024-05-06T21:47:46.956Z,55.3,Card Not Present,Open
ALT000695,TXN00000624,ACC000812,2023-02-21T13:59:29.371Z,98.8,Suspicious Login,False Positive
ALT000696,TXN00000165,ACC000960,2023-09-07T00:09:32.954Z,6.9,Device Change,Investigating
ALT000697,TXN00000808,ACC000662,2023-07-15T14:05:27.196Z,90.8,Velocity Alert,Investigating
ALT000698,TXN00000883,ACC000585,2023-05-16T04:22:05.252Z,54.1,Card Not Present,Investigating
ALT000699,TXN00000204,ACC000944,2023-12-22T23:20:26.403Z,91.5,Device Change,False Positive
ALT000700,TXN00000259,ACC000968,2023-07-11T06:51:40.795Z,79.8,Card Not Present,False Positive
ALT000701,TXN00000782,ACC000213,2023-11-28T13:20:59.666Z,46.9,Suspicious Login,Open
ALT000702,TXN00000447,ACC000337,2023-01-09T14:03:29.011Z,33.1,Velocity Alert,False Positive
ALT000703,,ACC000599,2024-05-25T20:36:29.057Z,50.5,Card Not Present,Closed
ALT000704,TXN00000437,ACC000104,2026-02-13T22:00:55.467Z,69.8,Card Not Present,Open
ALT000705,,ACC000694,2024-02-27T00:00:20.611Z,25.8,Velocity Alert,Open
ALT000706,TXN00000546,ACC000922,2023-04-06T23:55:55.366Z,39.5,Card Not Present,Closed
ALT000707,,ACC000003,2024-03-16T00:00:27.498Z,141.7,Geographic Anomaly,Confirmed Fraud
ALT000708,TXN00000281,ACC000117,2023-05-13T02:40:25.977Z,88.9,Suspicious Login,Closed
ALT000709,TXN00000444,ACC000151,2023-01-07T08:20:29.494Z,103.5,Device Change,False Positive
ALT000710,TXN00000560,ACC000238,2023-04-14T17:48:48.453Z,49.2,Velocity Alert,Closed
ALT000711,TXN00000744,ACC000106,2023-03-21T08:16:50.365Z,79,Device Change,Open
ALT000712,TXN00000160,ACC000190,2023-06-03T22:44:15.636Z,42.8,Card Not Present,Closed
ALT000713,TXN00000342,ACC000482,2023-11-10T04:19:18.894Z,3.7,Geographic Anomaly,Closed
ALT000714,TXN00000332,ACC000703,2023-10-17T22:55:26.016Z,19,High Value Transaction,False Positive
ALT000715,TXN00000789,ACC000628,2023-08-23T22:04:44.587Z,46.1,Unusual Activity,Open
ALT000716,TXN00000607,ACC000639,2023-07-01T17:10:03.840Z,54.4,Card Not Present,Closed
ALT000717,TXN00000860,ACC000070,2026-03-01T03:36:07.344Z,53.2,Card Not Present,Open
ALT000718,TXN00000014,ACC000065,2023-12-26T20:11:51.486Z,51.9,Card Not Present,False Positive
ALT000719,TXN00000247,ACC000261,2023-01-19T08:38:50.696Z,91.2,Velocity Alert,Investigating
ALT000720,TXN00000045,ACC000042,2023-01-09T23:03:55.960Z,14.4,Suspicious Login,Confirmed Fraud
ALT000721,TXN00000626,ACC000329,2023-02-07T18:59:25.799Z,110.8,Suspicious Login,False Positive
ALT000722,,ACC000749,2024-01-15T10:34:29.687Z,6.1,Card Not Present,Investigating
ALT000723,,ACC000407,2024-04-02T00:00:40.112Z,75.8,Velocity Alert,Confirmed Fraud
ALT000724,TXN00000031,ACC000030,2023-10-03T07:26:09.593Z,121.6,Suspicious Login,Confirmed Fraud
ALT000725,TXN00000236,ACC000684,2023-11-05T11:22:57.179Z,83.7,Velocity Alert,Investigating
ALT000726,TXN00000686,ACC000644,2023-09-19T20:40:13.149Z,39.8,Unusual Activity,False Positive
ALT000727,TXN00000520,ACC000584,2026-02-28T03:36:29.356Z,3,Unusual Activity,Open
ALT000728,TXN00000482,ACC000327,2023-05-27T18:37:04.914Z,2,Device Change,Open
ALT000729,,ACC000167,2024-06-22T00:00:14.624Z,95.6,Unusual Activity,Open
ALT000730,TXN00000197,ACC000647,2023-01-15T01:15:01.939Z,56.1,Velocity Alert,Investigating
ALT000731,TXN00000055,ACC000080,2023-06-10T21:27:37.066Z,51.2,Card Not Present,Open
ALT000732,TXN00000461,ACC000055,2023-08-22T18:16:34.908Z,89.6,Unusual Activity,Investigating
ALT000733,TXN00000245,ACC000234,2023-10-25T08:25:37.712Z,128.1,High Value Transaction,Closed
ALT000734,,ACC000816,2024-01-24T00:00:33.992Z,101.5,Card Not Present,Open
ALT000735,TXN00000171,ACC000888,2023-01-08T16:56:19.780Z,77.5,Unusual Activity,Open
ALT000736,TXN00000226,ACC000790,2026-02-10T22:04:42.059Z,62.8,Velocity Alert,False Positive
ALT000737,TXN00000235,ACC000972,2023-06-11T14:43:20.741Z,22.5,Card Not Present,Open
ALT000738,TXN00000041,ACC000059,2023-11-24T13:52:43.480Z,31,Suspicious Login,Open
ALT000739,TXN00000508,ACC000810,2023-10-09T18:21:05.371Z,2,High Value Transaction,Investigating
ALT000740,,ACC000666,2024-06-03T00:00:06.924Z,38.1,Suspicious Login,Open
ALT000741,TXN00000104,ACC000405,2023-05-07T06:24:49.787Z,46.9,Card Not Present,Investigating
ALT000742,TXN00000547,ACC000635,2023-09-11T05:04:44.811Z,89.6,Device Change,Open
ALT000743,TXN00000901,ACC000168,2023-07-12T09:20:24.787Z,44.9,High Value Transaction,Open
ALT000744,TXN00000771,ACC000816,2023-09-05T02:26:52.604Z,61.1,Card Not Present,False Positive
ALT000745,TXN00000891,ACC000821,2023-07-08T23:10:36.525Z,8.4,Velocity Alert,Open
ALT000746,,ACC000184,2024-02-04T00:00:38.798Z,28.8,Geographic Anomaly,Investigating
ALT000747,TXN00000445,ACC000760,2023-02-09T18:16:04.831Z,35.3,High Value Transaction,Closed
ALT000748,TXN00000235,ACC000972,2023-06-11T14:43:28.536Z,60.4,Unusual Activity,Open
ALT000749,,ACC000645,2024-05-08T00:00:31.216Z,56.1,Unusual Activity,Confirmed Fraud
ALT000750,TXN00000869,ACC000045,2023-03-24T10:55:31.174Z,55.7,Unusual Activity,Open
ALT000751,,ACC000088,2024-01-15T00:00:02.301Z,26.8,Unusual Activity,False Positive
ALT000752,TXN00000323,ACC000443,2023-03-15T08:33:25.662Z,42.5,Suspicious Login,Investigating
ALT000753,,ACC000721,2024-04-09T00:00:51.423Z,38,Unusual Activity,Confirmed Fraud
ALT000754,TXN00000011,ACC000020,2026-02-07T03:33:46.060Z,6,Card Not Present,False Positive
ALT000755,TXN00000595,ACC000622,2023-11-03T04:14:16.683Z,16.7,High Value Transaction,Open
ALT000756,TXN00000724,ACC000950,2023-04-14T04:49:52.535Z,14.7,Velocity Alert,Open
ALT000757,TXN00000158,ACC000409,2023-05-11T04:17:26.132Z,7.2,Unusual Activity,Investigating
ALT000758,,ACC000060,2024-04-06T00:00:27.450Z,33.7,Suspicious Login,Confirmed Fraud
ALT000759,TXN00000140,ACC000831,2023-04-15T20:05:34.105Z,89,Suspicious Login,Investigating
ALT000760,TXN00000047,ACC000015,2023-12-26T00:29:58.264Z,85.8,Device Change,Open
ALT000761,TXN00000676,ACC000748,2023-07-18T14:55:05.814Z,25.2,High Value Transaction,Confirmed Fraud
ALT000762,TXN00000361,ACC000928,2023-05-06T07:21:11.409Z,149.1,Suspicious Login,Investigating
ALT000763,TXN00000648,ACC000234,2023-07-13T23:50:25.894Z,88.3,Geographic Anomaly,Investigating
ALT000764,,ACC000740,2024-06-05T00:00:57.186Z,30.2,Unusual Activity,Closed
ALT000765,TXN00000305,ACC000199,2023-07-21T19:46:38.121Z,149.5,Suspicious Login,Open
ALT000766,TXN00000659,ACC000232,2023-08-12T04:34:46.459Z,71.7,Unusual Activity,Confirmed Fraud
ALT000767,,ACC000775,2024-02-28T00:00:18.104Z,124.7,Device Change,Confirmed Fraud
ALT000768,TXN00000845,ACC000694,2023-01-04T15:41:55.268Z,95,High Value Transaction,Closed
ALT000769,TXN00000200,ACC000493,2023-09-28T09:39:56.799Z,53.3,Geographic Anomaly,Closed
ALT000770,TXN00000504,ACC000214,2023-05-07T17:22:39.014Z,95.7,Unusual Activity,Closed
ALT000771,TXN00000812,ACC000333,2026-02-18T03:36:27.988Z,83,High Value Transaction,False Positive
ALT000772,,ACC000634,2024-01-14T00:00:03.495Z,0.9,Velocity Alert,Closed
ALT000773,TXN00000290,ACC000251,2023-06-19T04:08:44.847Z,120,Suspicious Login,Open
ALT000774,,ACC000124,2024-02-16T00:00:03.346Z,95,Geographic Anomaly,Investigating
ALT000775,,ACC000654,2024-05-02T00:00:11.254Z,53.2,High Value Transaction,Open
ALT000776,TXN00000076,ACC000055,2023-06-03T00:54:11.888Z,9.5,Card Not Present,Confirmed Fraud
ALT000777,TXN00000380,ACC000910,2023-10-19T10:39:44.023Z,96.9,Suspicious Login,Open
ALT000778,TXN00000905,ACC000090,2026-02-10T01:56:58.935Z,129.8,Unusual Activity,Confirmed Fraud
ALT000779,TXN00000687,ACC000223,2023-10-10T06:53:51.787Z,96.1,Card Not Present,False Positive
ALT000780,TXN00000166,ACC000288,2023-08-22T01:48:56.628Z,1.4,Card Not Present,Closed
ALT000781,,ACC000101,2024-06-18T00:00:07.352Z,53.9,Geographic Anomaly,False Positive
ALT000782,TXN00000257,ACC000708,2023-01-16T00:31:07.427Z,64.8,Suspicious Login,Confirmed Fraud
ALT000783,,ACC000696,2024-05-05T00:00:21.103Z,12.1,High Value Transaction,False Positive
ALT000784,TXN00000787,ACC000384,2023-03-18T20:01:47.424Z,24.4,Unusual Activity,False Positive
ALT000785,TXN00000186,ACC000765,2023-01-25T12:13:31.168Z,95.9,Card Not Present,False Positive
ALT000786,,ACC000466,2024-03-18T00:00:14.045Z,72.1,Suspicious Login,False Positive
ALT000787,TXN00000321,ACC000342,2023-08-26T19:20:21.184Z,51.7,Card Not Present,Confirmed Fraud
ALT000788,TXN00000797,ACC000248,2023-04-02T05:39:46.773Z,69.8,Device Change,False Positive
ALT000789,TXN00000355,ACC000486,2023-08-19T22:09:29.251Z,92.2,Suspicious Login,Open
ALT000790,,ACC000317,2024-02-17T00:00:25.408Z,19.1,Geographic Anomaly,Open
ALT000791,TXN00000717,ACC000565,2023-12-07T01:06:24.796Z,74.6,Suspicious Login,Closed
ALT000792,,ACC000589,2024-05-15T00:00:33.841Z,99.2,Velocity Alert,Investigating
ALT000793,TXN00000066,ACC000052,2023-12-12T16:10:56.193Z,1.5,Device Change,Investigating
ALT000794,TXN00000694,ACC000064,2023-08-08T03:14:04.791Z,22.8,Suspicious Login,Investigating
ALT000795,,ACC000804,2024-06-10T00:00:23.387Z,35.5,High Value Transaction,Open
ALT000796,TXN00000642,ACC000936,2026-02-10T03:36:14.367Z,36.3,Device Change,Open
ALT000797,TXN00000774,ACC000951,2023-10-19T14:42:33.017Z,34.3,Device Change,Confirmed Fraud
ALT000798,TXN00000387,ACC000459,2023-05-15T15:18:09.112Z,2.7,Device Change,Open
ALT000799,,ACC000806,2024-01-01T00:00:34.929Z,29.1,Card Not Present,Confirmed Fraud
ALT000800,TXN00000481,ACC000105,2023-01-19T20:43:26.140Z,89.5,Device Change,False Positive
ALT000801,TXN00000104,ACC000405,2023-05-07T06:24:52.933Z,83,Device Change,Confirmed Fraud
ALT000802,,ACC000983,2024-05-15T00:00:00.763Z,126.4,Unusual Activity,Open
ALT000803,TXN00000469,ACC000440,2023-08-28T14:20:17.953Z,70.7,Geographic Anomaly,False Positive
ALT000804,TXN00000217,ACC000500,2023-11-25T05:47:59.193Z,58,Geographic Anomaly,Open
ALT000805,TXN00000400,ACC000886,2026-02-27T03:36:20.854Z,34.2,High Value Transaction,Open
ALT000806,TXN00000782,ACC000213,2023-11-28T13:20:53.130Z,62,Unusual Activity,Confirmed Fraud
ALT000807,TXN00000177,ACC000280,2023-06-07T12:16:32.397Z,95.6,Suspicious Login,Confirmed Fraud
ALT000808,TXN00000733,ACC000343,2023-11-04T22:25:39.374Z,37.2,Velocity Alert,Confirmed Fraud
ALT000809,TXN00000702,ACC000994,2023-02-10T20:05:30.471Z,18.1,Suspicious Login,Investigating
ALT000810,,ACC000545,2024-03-28T00:00:11.891Z,129,Device Change,Closed
ALT000811,TXN00000528,ACC000940,2023-01-15T03:54:24.865Z,36.3,Suspicious Login,Closed
ALT000812,TXN00000169,ACC000184,2023-02-06T21:50:28.712Z,8.9,Card Not Present,Open
ALT000813,TXN00000716,ACC000188,2023-03-07T18:23:08.386Z,43.6,High Value Transaction,Confirmed Fraud
ALT000814,TXN00000197,ACC000647,2023-01-15T01:15:29.826Z,54.2,Device Change,Investigating
ALT000815,,ACC000357,2024-01-06T00:00:25.789Z,13.1,Unusual Activity,Investigating
ALT000816,TXN00000168,ACC000902,2023-02-27T14:43:06.051Z,149.7,Geographic Anomaly,Closed
ALT000817,,ACC000378,2024-04-04T00:00:24.574Z,18.8,Unusual Activity,Closed
ALT000818,,ACC000287,2024-03-23T00:00:55.402Z,54.4,Card Not Present,Closed
ALT000819,TXN00000426,ACC000718,2023-05-21T06:25:08.331Z,36.9,Unusual Activity,Closed
ALT000820,TXN00000493,ACC000315,2023-10-13T16:27:29.632Z,70.6,Geographic Anomaly,Confirmed Fraud
ALT000821,TXN00000680,ACC000508,2023-09-10T01:42:27.833Z,10.9,Velocity Alert,Confirmed Fraud
ALT000822,TXN00000814,ACC000065,2023-05-19T21:19:59.712Z,8.6,Unusual Activity,Confirmed Fraud
ALT000823,TXN00000658,ACC000358,2023-09-27T20:13:50.927Z,104.6,Velocity Alert,Confirmed Fraud
ALT000824,,ACC000576,2024-01-26T03:45:00.615Z,90.2,Card Not Present,Confirmed Fraud
ALT000825,,ACC000116,2024-05-18T00:00:00.668Z,44.9,Geographic Anomaly,Confirmed Fraud
ALT000826,TXN00000101,ACC000995,2023-10-03T11:39:00.396Z,60.6,Suspicious Login,Confirmed Fraud
ALT000827,TXN00000191,ACC000201,2023-04-18T07:44:41.049Z,31.4,Device Change,Investigating
ALT000828,,ACC000727,2024-04-14T00:00:32.741Z,91.5,Suspicious Login,Investigating
ALT000829,TXN00000481,ACC000105,2023-01-22T15:04:05.036Z,51.3,Unusual Activity,Closed
ALT000830,TXN00000551,ACC000538,2023-11-09T04:23:12.315Z,96.3,High Value Transaction,Confirmed Fraud
ALT000831,,ACC000183,2024-06-18T00:00:31.155Z,80.7,Device Change,Confirmed Fraud
ALT000832,TXN00000597,ACC000243,2023-01-13T20:00:00.400Z,74.6,Velocity Alert,Confirmed Fraud
ALT000833,TXN00000561,ACC000391,2023-07-13T19:29:21.752Z,46.3,Suspicious Login,Closed
ALT000834,TXN00000026,ACC000036,2023-05-12T22:01:21.801Z,67,High Value Transaction,Closed
ALT000835,TXN00000164,ACC000296,2023-12-07T14:22:35.816Z,57,Suspicious Login,Open
ALT000836,TXN00000659,ACC000232,2023-08-12T04:34:39.816Z,40.8,Velocity Alert,Closed
ALT000837,TXN00000817,ACC000261,2023-09-23T22:52:00.484Z,65,Geographic Anomaly,Confirmed Fraud
ALT000838,TXN00000886,ACC000906,2023-07-20T07:59:11.373Z,93.7,Card Not Present,Closed
ALT000839,TXN00000631,ACC000370,2023-11-10T17:30:46.164Z,77.7,Suspicious Login,Open
ALT000840,TXN00000501,ACC000272,2023-03-06T10:57:51.043Z,18.2,Unusual Activity,Confirmed Fraud
ALT000841,,ACC000152,2024-04-21T00:00:24.696Z,55.6,Suspicious Login,Investigating
ALT000842,,ACC000693,2024-01-11T00:00:32.392Z,33,High Value Transaction,False Positive
ALT000843,TXN00000682,ACC000897,2023-08-19T10:41:06.520Z,5.9,High Value Transaction,Open
ALT000844,,ACC000207,2024-04-05T15:08:10.978Z,61.6,Suspicious Login,False Positive
ALT000845,TXN00000654,ACC000126,2023-02-26T07:12:33.394Z,58.5,Unusual Activity,False Positive
ALT000846,TXN00000575,ACC000121,2023-08-03T00:11:50.315Z,71.2,Suspicious Login,Closed
ALT000847,TXN00000780,ACC000685,2023-01-28T17:21:32.693Z,21.5,Velocity Alert,False Positive
ALT000848,TXN00000472,ACC000770,2023-12-19T09:48:37.780Z,119.1,Geographic Anomaly,Confirmed Fraud
ALT000849,TXN00000186,ACC000765,2023-01-25T12:13:42.028Z,90.4,Unusual Activity,Confirmed Fraud
ALT000850,TXN00000278,ACC000302,2023-10-24T17:34:26.794Z,81.9,Geographic Anomaly,Confirmed Fraud
ALT000851,TXN00000758,ACC000343,2023-08-01T12:49:21.656Z,85.9,Unusual Activity,Closed
ALT000852,TXN00000253,ACC000023,2023-04-02T17:05:31.074Z,10.9,High Value Transaction,False Positive
ALT000853,TXN00000265,ACC000120,2023-06-26T16:15:23.572Z,88.7,Geographic Anomaly,Investigating
ALT000854,TXN00000767,ACC000913,2023-12-21T15:57:49.031Z,71.5,Suspicious Login,False Positive
ALT000855,TXN00000621,ACC000449,2023-02-26T05:49:34.098Z,63.1,Card Not Present,Open
ALT000856,TXN00000647,ACC000635,2026-02-24T03:36:38.965Z,69.8,Unusual Activity,Open
ALT000857,TXN00000192,ACC000996,2023-02-23T22:16:46.604Z,16.9,Geographic Anomaly,Closed
ALT000858,,ACC000815,2024-04-20T00:00:35.508Z,31.4,Suspicious Login,False Positive
ALT000859,TXN00000167,ACC000175,2023-09-10T09:52:23.675Z,64.4,Velocity Alert,Investigating
ALT000860,,ACC000501,2024-01-24T00:00:52.881Z,56.2,Device Change,False Positive
ALT000861,TXN00000190,ACC000488,2026-02-28T03:36:29.966Z,83.1,High Value Transaction,Investigating
ALT000862,TXN00000194,ACC000252,2023-03-29T09:46:37.395Z,22.8,Unusual Activity,Investigating
ALT000863,TXN00000546,ACC000922,2023-04-04T11:25:33.152Z,46.1,High Value Transaction,Investigating
ALT000864,TXN00000036,ACC000055,2023-11-22T21:38:18.519Z,143,Card Not Present,False Positive
ALT000865,TXN00000844,ACC000464,2023-01-17T23:09:05.015Z,18,Geographic Anomaly,Confirmed Fraud
ALT000866,TXN00000174,ACC000563,2023-01-05T18:15:45.183Z,129.4,Card Not Present,Confirmed Fraud
ALT000867,TXN00000395,ACC000446,2023-09-17T06:08:16.823Z,139.6,Unusual Activity,Open
ALT000868,TXN00000740,ACC000795,2023-11-04T01:31:31.993Z,87.8,Card Not Present,Closed
ALT000869,TXN00000566,ACC000949,2023-04-27T08:20:17.831Z,35,Geographic Anomaly,Open
ALT000870,TXN00000318,ACC000531,2023-03-02T23:57:16.246Z,112.9,Suspicious Login,Confirmed Fraud
ALT000871,TXN00000670,ACC000627,2023-11-20T17:42:35.614Z,3.9,Suspicious Login,Confirmed Fraud
ALT000872,TXN00000084,ACC000013,2023-05-20T08:21:40.003Z,47.1,Geographic Anomaly,Closed
ALT000873,TXN00000744,ACC000106,2023-03-17T22:09:43.708Z,61,High Value Transaction,Open
ALT000874,TXN00000387,ACC000459,2023-05-15T15:18:20.261Z,87.3,Unusual Activity,False Positive
ALT000875,TXN00000483,ACC000781,2023-06-27T23:00:29.815Z,46,Geographic Anomaly,Confirmed Fraud
ALT000876,TXN00000895,ACC000900,2023-02-25T16:15:47.893Z,85.2,Geographic Anomaly,Closed
ALT000877,,ACC000795,2024-01-18T00:00:40.140Z,1,Velocity Alert,Closed
ALT000878,TXN00000635,ACC000329,2023-08-19T15:11:55.037Z,53.4,Velocity Alert,Open
ALT000879,,ACC000238,2024-04-26T00:00:45.006Z,8.6,Geographic Anomaly,Closed
ALT000880,,ACC000827,2024-06-24T00:00:49.068Z,64.6,Velocity Alert,Confirmed Fraud
ALT000881,TXN00000469,ACC000440,2023-08-28T14:19:38.956Z,63,Device Change,Open
ALT000882,TXN00000057,ACC000087,2023-06-25T12:09:05.227Z,83.2,Geographic Anomaly,Investigating
ALT000883,TXN00000387,ACC000459,2023-05-15T15:17:46.988Z,66.7,Velocity Alert,False Positive
ALT000884,TXN00000054,ACC000023,2023-02-15T12:56:25.610Z,14.7,Card Not Present,Closed
ALT000885,TXN00000047,ACC000015,2023-12-26T00:30:34.532Z,15.4,Device Change,Closed
ALT000886,,ACC000046,2024-04-12T00:00:38.391Z,106.8,Card Not Present,Closed
ALT000887,TXN00000745,ACC000867,2023-11-23T00:56:00.066Z,29.4,High Value Transaction,False Positive
ALT000888,TXN00000026,ACC000036,2023-05-12T22:00:59.392Z,10.6,Suspicious Login,Closed
ALT000889,TXN00000020,ACC000043,2023-02-11T18:24:51.948Z,17.6,Geographic Anomaly,Investigating
ALT000890,TXN00000638,ACC000769,2023-08-28T20:24:08.343Z,46.5,Device Change,Confirmed Fraud
ALT000891,,ACC000513,2024-03-22T18:08:03.125Z,1.6,Card Not Present,Investigating
ALT000892,TXN00000503,ACC000233,2023-08-21T22:29:41.087Z,20.3,Device Change,Investigating
ALT000893,,ACC000938,2024-03-12T00:00:10.455Z,47.3,Unusual Activity,Confirmed Fraud
ALT000894,TXN00000785,ACC000468,2023-05-01T16:43:54.345Z,89.2,Card Not Present,Closed
ALT000895,TXN00000788,ACC000791,2023-07-07T15:44:32.952Z,124.4,Geographic Anomaly,Closed
ALT000896,TXN00000647,ACC000635,2026-02-24T03:36:18.020Z,39.2,Velocity Alert,Confirmed Fraud
ALT000897,TXN00000584,ACC000381,2026-02-27T03:36:31.090Z,20.3,Suspicious Login,Confirmed Fraud
ALT000898,TXN00000553,ACC000763,2023-10-06T18:49:49.352Z,117.9,Suspicious Login,Closed
ALT000899,TXN00000605,ACC000269,2023-06-23T10:30:54.207Z,97.9,High Value Transaction,False Positive
ALT000900,TXN00000086,ACC000062,2023-10-14T06:07:58.251Z,54.6,Geographic Anomaly,Investigating
ALT000901,TXN00000856,ACC000009,2023-07-08T18:58:25.371Z,64.5,High Value Transaction,Investigating
ALT000902,TXN00000678,ACC000639,2023-04-01T15:12:32.554Z,51,Device Change,False Positive
ALT000903,TXN00000861,ACC000556,2023-01-24T09:58:16.857Z,78.6,Suspicious Login,False Positive
ALT000904,TXN00000490,ACC000934,2023-09-16T07:14:01.661Z,55.2,Suspicious Login,Confirmed Fraud
ALT000905,TXN00000263,ACC000847,2023-09-24T13:47:36.953Z,39.3,Suspicious Login,Investigating
ALT000906,TXN00000188,ACC000082,2023-01-20T14:07:12.189Z,60,Suspicious Login,Investigating
ALT000907,TXN00000826,ACC000323,2023-08-17T15:54:10.072Z,29.1,Velocity Alert,Confirmed Fraud
ALT000908,TXN00000846,ACC000404,2023-03-14T02:34:17.539Z,27.9,Geographic Anomaly,Investigating
ALT000909,TXN00000343,ACC000678,2023-05-05T23:28:04.180Z,48.9,Geographic Anomaly,False Positive
ALT000910,TXN00000021,ACC000076,2023-03-13T21:41:06.010Z,72.6,Velocity Alert,False Positive
ALT000911,TXN00000722,ACC000719,2026-02-24T03:36:27.634Z,75.1,Card Not Present,Closed
ALT000912,TXN00000738,ACC000918,2023-11-26T10:51:11.737Z,117.3,Geographic Anomaly,False Positive
ALT000913,TXN00000011,ACC000020,2026-02-07T03:34:18.594Z,124.2,Card Not Present,Confirmed Fraud
ALT000914,TXN00000717,ACC000565,2023-12-10T08:32:27.855Z,4.2,Device Change,Investigating
ALT000915,TXN00000262,ACC000335,2023-02-09T20:48:19.937Z,39.2,Unusual Activity,Open
ALT000916,TXN00000735,ACC000901,2023-04-12T08:51:41.455Z,36,Unusual Activity,Open
ALT000917,TXN00000880,ACC000236,2023-02-09T14:16:58.663Z,21.9,Card Not Present,Investigating
ALT000918,TXN00000467,ACC000882,2023-10-18T04:36:52.106Z,89.7,Card Not Present,Open
ALT000919,TXN00000802,ACC000500,2023-09-23T22:08:43.274Z,35.4,Geographic Anomaly,Investigating
ALT000920,TXN00000036,ACC000055,2023-11-26T14:33:35.526Z,62.9,Card Not Present,Investigating
ALT000921,TXN00000442,ACC000530,2023-02-09T21:34:02.033Z,76.7,Geographic Anomaly,Open
ALT000922,,ACC000324,2024-01-26T00:00:09.807Z,15.3,Velocity Alert,Closed
ALT000923,,ACC000570,2024-02-25T00:00:53.060Z,83.4,Device Change,Closed
ALT000924,TXN00000079,ACC000024,2023-11-03T01:18:09.841Z,76.9,Geographic Anomaly,False Positive
ALT000925,TXN00000839,ACC000512,2023-08-03T11:21:51.124Z,11.5,High Value Transaction,Confirmed Fraud
ALT000926,,ACC000640,2024-04-13T22:36:15.408Z,2.6,Velocity Alert,Investigating
ALT000927,TXN00000058,ACC000082,2023-10-22T19:58:48.814Z,72.9,Device Change,Closed
ALT000928,TXN00000159,ACC000419,2023-10-23T12:23:55.688Z,63.6,High Value Transaction,Closed
ALT000929,,ACC000871,2024-01-12T00:08:44.322Z,59.9,Unusual Activity,Open
ALT000930,TXN00000646,ACC000192,2023-05-22T07:54:01.779Z,65.9,High Value Transaction,Investigating
ALT000931,TXN00000179,ACC000611,2023-12-28T08:15:36.410Z,58,Geographic Anomaly,Confirmed Fraud
ALT000932,TXN00000628,ACC000481,2023-12-22T23:37:58.177Z,19.8,Velocity Alert,Closed
ALT000933,TXN00000656,ACC000955,2023-05-12T19:25:11.992Z,61.5,Card Not Present,False Positive
ALT000934,,ACC000483,2024-04-23T00:00:32.847Z,27.1,Card Not Present,Confirmed Fraud
ALT000935,TXN00000832,ACC000245,2023-08-01T22:29:37.139Z,62,High Value Transaction,Confirmed Fraud
ALT000936,TXN00000030,ACC000071,2026-02-14T03:33:50.409Z,87.3,Card Not Present,Confirmed Fraud
ALT000937,,ACC000935,2024-02-06T00:00:37.299Z,34.6,Velocity Alert,False Positive
ALT000938,TXN00000805,ACC000180,2026-02-09T03:36:35.877Z,98.1,Device Change,Investigating
ALT000939,TXN00000291,ACC000708,2023-05-07T14:32:42.068Z,74.1,Unusual Activity,Closed
ALT000940,TXN00000058,ACC000082,2023-10-19T01:08:52.295Z,49.8,High Value Transaction,Open
ALT000941,TXN00000232,ACC000975,2023-11-24T23:53:12.285Z,56.1,Card Not Present,Investigating
ALT000942,TXN00000887,ACC000656,2023-10-02T00:09:20.547Z,47.3,Geographic Anomaly,False Positive
ALT000943,,ACC000798,2024-06-07T00:00:44.037Z,53.6,High Value Transaction,Open
ALT000944,TXN00000634,ACC000922,2023-07-28T18:11:50.884Z,95.5,Geographic Anomaly,Open
ALT000945,TXN00000891,ACC000821,2023-07-08T23:11:09.510Z,33.3,Suspicious Login,Investigating
ALT000946,TXN00000822,ACC000885,2023-05-22T07:09:32.372Z,89.6,Velocity Alert,Confirmed Fraud
ALT000947,TXN00000120,ACC000286,2023-02-01T05:28:30.645Z,80,Card Not Present,Closed
ALT000948,TXN00000648,ACC000234,2023-07-13T23:50:23.936Z,136.5,Geographic Anomaly,Closed
ALT000949,TXN00000640,ACC000029,2023-01-03T18:10:12.518Z,77.5,Unusual Activity,Investigating
ALT000950,TXN00000659,ACC000232,2023-08-13T11:39:30.388Z,29.5,Unusual Activity,False Positive
ALT000951,TXN00000586,ACC000924,2023-11-03T00:57:16.869Z,126.3,Unusual Activity,False Positive
ALT000952,TXN00000859,ACC000971,2023-04-02T18:47:46.685Z,5.7,Device Change,Confirmed Fraud
ALT000953,TXN00000031,ACC000030,2023-10-03T07:26:11.154Z,23.4,High Value Transaction,Closed
ALT000954,TXN00000602,ACC000157,2023-09-22T02:08:26.580Z,2.2,Card Not Present,Open
ALT000955,TXN00000343,ACC000678,2023-05-05T23:27:43.319Z,20.1,High Value Transaction,Open
ALT000956,TXN00000090,ACC000072,2023-03-19T07:17:45.371Z,25.5,Suspicious Login,Closed
ALT000957,TXN00000370,ACC000566,2023-02-21T21:20:56.396Z,79,Suspicious Login,Confirmed Fraud
ALT000958,TXN00000512,ACC000901,2023-10-08T20:19:32.415Z,57.9,Unusual Activity,Closed
ALT000959,TXN00000795,ACC000694,2023-10-07T18:54:42.829Z,116.6,Device Change,Investigating
ALT000960,TXN00000026,ACC000036,2023-05-12T22:01:11.705Z,32.7,Suspicious Login,False Positive
ALT000961,TXN00000221,ACC000215,2023-05-11T01:55:06.502Z,39.8,Unusual Activity,Confirmed Fraud
ALT000962,TXN00000859,ACC000971,2023-04-02T18:46:58.363Z,142,Unusual Activity,False Positive
ALT000963,,ACC000325,2024-05-01T00:00:21.936Z,3.6,Geographic Anomaly,False Positive
ALT000964,TXN00000319,ACC000960,2023-02-06T10:55:15.259Z,5.7,Velocity Alert,Investigating
ALT000965,TXN00000396,ACC000122,2023-06-27T17:42:58.291Z,29.6,Suspicious Login,Confirmed Fraud
ALT000966,TXN00000115,ACC000918,2023-05-06T06:49:31.918Z,43.2,Suspicious Login,Confirmed Fraud
ALT000967,TXN00000245,ACC000234,2023-10-22T04:51:43.019Z,113.3,Suspicious Login,Investigating
ALT000968,TXN00000624,ACC000812,2023-02-18T06:14:53.756Z,135.3,High Value Transaction,Open
ALT000969,TXN00000603,ACC000147,2023-09-19T01:24:32.217Z,56.1,High Value Transaction,Open
ALT000970,TXN00000432,ACC000544,2023-06-14T11:00:57.551Z,73.4,Unusual Activity,Open
ALT000971,,ACC000216,2024-06-20T00:00:25.608Z,53.1,Velocity Alert,Closed
ALT000972,TXN00000762,ACC000645,2023-10-15T20:25:05.674Z,14.3,Device Change,Closed
ALT000973,,ACC000216,2024-02-15T00:00:37.209Z,36.6,Device Change,Closed
ALT000974,TXN00000165,ACC000960,2023-09-09T20:40:49.794Z,92.6,Card Not Present,Confirmed Fraud
ALT000975,TXN00000023,ACC000068,2023-09-20T02:25:16.472Z,28.3,Unusual Activity,Closed
ALT000976,TXN00000135,ACC000356,2023-03-23T02:34:01.697Z,147.3,Suspicious Login,False Positive
ALT000977,TXN00000682,ACC000897,2023-08-16T16:48:15.621Z,62.6,Suspicious Login,Closed
ALT000978,TXN00000592,ACC000330,2023-10-10T01:58:20.730Z,84.6,Velocity Alert,Open
ALT000979,TXN00000357,ACC000348,2023-12-09T02:27:50.347Z,19.1,Suspicious Login,False Positive
ALT000980,,ACC000018,2024-04-24T00:00:52.911Z,89.3,Card Not Present,Confirmed Fraud
ALT000981,TXN00000752,ACC000573,2023-10-27T13:36:48.965Z,82,Unusual Activity,Investigating
ALT000982,TXN00000809,ACC000259,2023-05-16T04:44:16.359Z,71.2,Suspicious Login,Closed
ALT000983,,ACC000496,2024-04-30T09:29:35.089Z,19.7,Device Change,Investigating
ALT000984,,ACC000203,2024-02-19T04:52:29.197Z,34.3,Suspicious Login,Investigating
ALT000985,,ACC000944,2024-06-20T00:00:30.378Z,145.8,Unusual Activity,Closed
ALT000986,TXN00000866,ACC000948,2023-01-15T01:44:35.003Z,130.4,Card Not Present,Open
ALT000987,TXN00000657,ACC000035,2023-10-10T07:44:45.722Z,18.1,Velocity Alert,Open
ALT000988,TXN00000257,ACC000708,2023-01-16T00:30:28.491Z,36.3,Card Not Present,False Positive
ALT000989,TXN00000441,ACC000206,2023-12-04T22:41:50.891Z,94.6,Card Not Present,False Positive
ALT000990,TXN00000873,ACC000046,2023-01-27T14:01:53.141Z,50.3,Geographic Anomaly,Closed
ALT000991,TXN00000866,ACC000948,2023-01-15T01:44:49.277Z,80.2,Geographic Anomaly,Confirmed Fraud
ALT000992,TXN00000732,ACC000854,2023-11-05T03:33:32.864Z,4.7,Card Not Present,Closed
ALT000993,TXN00000296,ACC000707,2023-11-01T15:58:07.075Z,6.9,Unusual Activity,Investigating
ALT000994,TXN00000708,ACC000444,2023-10-10T00:59:43.063Z,36.6,Device Change,Open
ALT000995,,ACC000988,2024-06-11T00:00:58.783Z,80.8,High Value Transaction,Confirmed Fraud
ALT000996,,ACC000185,2024-01-03T00:00:26.662Z,22.7,Suspicious Login,False Positive
ALT000997,TXN00000638,ACC000769,2023-08-28T20:24:46.652Z,144.5,Device Change,False Positive
ALT000998,TXN00000015,ACC000099,2023-11-20T10:18:47.620Z,28.3,Velocity Alert,Closed
ALT000999,TXN00000293,ACC000123,2023-08-04T07:03:54.964Z,43.8,Unusual Activity,Closed
ALT001000,TXN00000059,ACC000033,2023-08-24T06:28:04.077Z,77.1,Suspicious Login,Open
